name,sureName,birthday,gender,country,email,streetAddress
Chrisy,Frise,4/24/1946,Male,Philippines,cfrise0@europa.eu,62895 Troy Parkway
Gavra,Padkin,3/13/1997,Female,Moldova,gpadkin1@marketwatch.com,3550 Hansons Lane
Eadith,Skirling,12/12/1953,Female,Russia,eskirling2@bloomberg.com,562 Cody Terrace
Torry,De Cruz,2/2/2011,Male,China,tdecruz3@google.com.au,41504 Elmside Court
Griselda,Matuszynski,5/15/1958,Female,Russia,gmatuszynski4@wordpress.com,4 Caliangt Junction
Fidelity,Ullett,8/5/1921,Female,Greece,fullett5@eventbrite.com,91 Ludington Trail
Margalo,Nimmo,4/30/1993,Female,Indonesia,mnimmo6@dyndns.org,67 Coleman Point
Wolf,Bools,4/7/1952,Male,China,wbools7@soundcloud.com,15876 Pepper Wood Plaza
Herman,Borborough,10/20/1982,Male,Indonesia,hborborough8@europa.eu,521 Clarendon Circle
Melvyn,Guyan,7/29/1929,Male,Indonesia,mguyan9@vkontakte.ru,20337 Calypso Avenue
Petr,Von Der Empten,8/4/1930,Male,Portugal,pvonderemptena@dot.gov,09445 Nova Drive
Carr,Ibbotson,7/8/1990,Male,Syria,cibbotsonb@yelp.com,1 Sunbrook Junction
Link,Hackwell,5/17/1986,Male,China,lhackwellc@live.com,2532 Texas Court
Ayn,Cellone,12/15/1932,Female,United States,acelloned@reverbnation.com,5 Prairieview Road
Marrissa,Fenge,9/14/2012,Female,China,mfengee@utexas.edu,8660 Warner Court
Rhys,Smeeth,8/19/2007,Male,China,rsmeethf@deviantart.com,47 Amoth Alley
Bartholomeus,McSweeney,1/13/1955,Male,France,bmcsweeneyg@npr.org,704 Westport Pass
Livvy,Fruen,4/26/1951,Female,Japan,lfruenh@weather.com,7 Memorial Lane
Corty,Bredbury,8/24/1922,Male,Portugal,cbredburyi@meetup.com,28145 Clemons Alley
Lana,Edgett,10/7/1955,Female,Serbia,ledgettj@soundcloud.com,638 Hayes Pass
Town,Waudby,9/7/1922,Male,Slovenia,twaudbyk@uiuc.edu,28 Knutson Street
Flore,Huckel,1/19/1943,Female,Czech Republic,fhuckell@biglobe.ne.jp,40470 Mifflin Alley
Tully,Harnetty,4/4/1995,Male,Peru,tharnettym@wsj.com,8 Spenser Alley
Nero,Caberas,3/24/2018,Male,Croatia,ncaberasn@facebook.com,3 Esker Circle
Josephine,Mangam,11/18/1963,Female,Canada,jmangamo@skype.com,6 Weeping Birch Way
Trista,Stathor,10/23/1989,Female,Kenya,tstathorp@nyu.edu,8818 Beilfuss Hill
Tomas,Cluet,2/10/1962,Male,China,tcluetq@indiatimes.com,38664 Blaine Court
Aharon,Hulse,5/25/1952,Male,Indonesia,ahulser@unesco.org,0461 Lillian Trail
Mose,Gettings,3/11/1988,Male,China,mgettingss@tuttocitta.it,7421 Elka Circle
Ugo,Fewell,11/25/1934,Male,Peru,ufewellt@drupal.org,2 Shoshone Terrace
Benoite,Hyatt,8/7/2011,Female,Portugal,bhyattu@jalbum.net,7 Burning Wood Pass
Myranda,Raycroft,12/10/1954,Female,Indonesia,mraycroftv@plala.or.jp,33312 Namekagon Place
Carlene,Esslemont,11/13/1984,Female,Nigeria,cesslemontw@github.com,4 Dorton Alley
Sal,Laughtisse,4/29/1963,Male,Lebanon,slaughtissex@auda.org.au,4 Green Ridge Circle
Sherwin,McCumskay,1/19/1956,Male,China,smccumskayy@fda.gov,1795 Namekagon Trail
Felizio,Burne,6/30/1933,Male,Albania,fburnez@fotki.com,2595 Crowley Court
Zandra,Devenport,1/2/1926,Female,Russia,zdevenport10@arizona.edu,3 Spaight Junction
Ellary,Legion,5/12/1938,Male,Mexico,elegion11@smugmug.com,82 Elka Lane
Mel,Isley,2/26/1928,Male,China,misley12@lulu.com,89727 Porter Junction
Sayres,Dominicacci,6/27/1940,Male,Russia,sdominicacci13@cdbaby.com,85 Lighthouse Bay Circle
Evangelin,Brawson,1/25/2005,Female,Indonesia,ebrawson14@spotify.com,4 Luster Alley
Willey,Blooman,6/4/1995,Male,China,wblooman15@booking.com,1113 Havey Road
Lexis,Lowne,9/29/1998,Female,Peru,llowne16@ted.com,93140 Norway Maple Center
Linn,Muck,9/17/1946,Male,China,lmuck17@globo.com,33054 Cottonwood Court
Geri,Copcott,10/27/1985,Male,China,gcopcott18@ftc.gov,165 Jackson Place
Dickie,McCraine,9/23/1958,Male,Indonesia,dmccraine19@tinypic.com,247 Jenna Street
Cherianne,How,4/8/1987,Female,Tanzania,chow1a@dot.gov,01049 Rockefeller Center
Giacinta,Choules,1/22/1991,Female,Indonesia,gchoules1b@smugmug.com,58 Anzinger Hill
Rhea,Jenkison,1/14/2013,Female,China,rjenkison1c@tripod.com,9959 Dovetail Trail
Marj,Tottem,6/16/1996,Female,Portugal,mtottem1d@usda.gov,30867 Waywood Road
Seamus,Malicki,3/20/1966,Male,Portugal,smalicki1e@time.com,87796 Eastlawn Junction
Zacharia,Wingate,10/30/1949,Male,Japan,zwingate1f@spotify.com,208 Mallory Parkway
Rubin,Fitzpayn,10/17/1973,Male,Russia,rfitzpayn1g@biblegateway.com,908 Coolidge Terrace
Packston,Tunsley,11/24/1933,Male,Brazil,ptunsley1h@livejournal.com,0170 Clemons Park
Blondelle,Gillison,2/13/2013,Female,Poland,bgillison1i@a8.net,2 Cambridge Park
Inge,Beilby,8/17/1991,Female,Luxembourg,ibeilby1j@flickr.com,9 Anthes Circle
Bondy,Derkes,12/12/1992,Male,China,bderkes1k@bravesites.com,095 Debra Street
Alvie,Craddock,11/11/1931,Male,Indonesia,acraddock1l@prweb.com,230 Calypso Court
Sanderson,Branchflower,9/24/1996,Male,Portugal,sbranchflower1m@rakuten.co.jp,99602 Welch Trail
Zsazsa,Nelsen,1/9/1972,Female,China,znelsen1n@behance.net,3796 Washington Terrace
Dagny,Millgate,1/30/1984,Male,Cuba,dmillgate1o@fc2.com,455 Mesta Trail
Kane,Morrill,11/5/1938,Male,Sweden,kmorrill1p@123-reg.co.uk,874 Cardinal Way
Vito,Hasker,7/13/1988,Male,Indonesia,vhasker1q@woothemes.com,6 Lake View Circle
Kienan,Standrin,7/21/1924,Male,Indonesia,kstandrin1r@spotify.com,74 Riverside Way
Fletch,Athelstan,4/16/1967,Male,Japan,fathelstan1s@devhub.com,214 Swallow Trail
Enriqueta,Evequot,8/13/1937,Female,China,eevequot1t@prweb.com,5 Kenwood Lane
Joannes,Patek,6/24/1920,Female,Sweden,jpatek1u@deviantart.com,2767 Ilene Road
Theressa,Goldberg,4/29/2010,Female,China,tgoldberg1v@noaa.gov,3515 Division Terrace
Tabbatha,Loomis,7/17/1989,Female,China,tloomis1w@fotki.com,79 Menomonie Junction
Christy,Beric,7/23/2008,Female,Tunisia,cberic1x@prweb.com,780 Parkside Road
Eleanora,Hartness,5/22/1949,Female,Vietnam,ehartness1y@go.com,612 David Circle
Roy,Taile,3/28/1937,Male,China,rtaile1z@shutterfly.com,74 Blackbird Place
Glenn,Trengove,8/31/1926,Female,Portugal,gtrengove20@forbes.com,00795 New Castle Trail
Cy,Espin,11/23/1975,Male,Uzbekistan,cespin21@cloudflare.com,95650 Mosinee Place
Valry,Shreeve,8/28/1953,Female,Poland,vshreeve22@uiuc.edu,23780 Forest Dale Lane
Jody,Haycraft,5/17/1950,Male,China,jhaycraft23@jalbum.net,372 Esch Park
Mari,Wain,1/29/1990,Female,China,mwain24@hud.gov,762 Mitchell Pass
Caril,Mancer,6/17/1987,Female,Poland,cmancer25@blogs.com,88 Browning Place
Jeremiah,Peakman,12/23/1974,Male,Greece,jpeakman26@slashdot.org,09126 Fallview Parkway
Aristotle,Pioli,9/21/1935,Male,China,apioli27@telegraph.co.uk,65468 Ruskin Circle
Kylynn,Cranson,11/3/1922,Female,China,kcranson28@springer.com,45 Summer Ridge Point
Cahra,Starkings,1/10/1980,Female,China,cstarkings29@narod.ru,7784 Knutson Court
Basilius,Cruden,1/2/1974,Male,China,bcruden2a@nba.com,100 Oxford Road
Dotty,Mahody,8/5/2010,Female,Indonesia,dmahody2b@xinhuanet.com,8 Shasta Plaza
Marne,MacAdam,12/2/2018,Female,Portugal,mmacadam2c@mtv.com,89878 Morning Hill
Gabi,Sparham,4/13/1925,Male,Brazil,gsparham2d@friendfeed.com,5 Atwood Trail
Marten,Wegener,5/10/1932,Male,China,mwegener2e@google.ru,960 Southridge Hill
Nicolette,Bullion,10/5/1953,Female,China,nbullion2f@chicagotribune.com,04973 Quincy Lane
Parsifal,Witherspoon,12/6/1955,Male,Iran,pwitherspoon2g@harvard.edu,542 Waxwing Circle
Caryl,Greenard,6/25/1949,Male,China,cgreenard2h@privacy.gov.au,9 Susan Park
Wendel,Aldous,10/27/1958,Male,France,waldous2i@infoseek.co.jp,340 Vahlen Park
Erminia,Burgis,1/13/1944,Female,Norway,eburgis2j@purevolume.com,5 Green Ridge Trail
Scottie,Casaccio,11/7/1989,Male,China,scasaccio2k@friendfeed.com,5831 Sunnyside Street
Stepha,Layman,9/27/1971,Female,Guatemala,slayman2l@altervista.org,799 Maple Wood Trail
Shalom,Dessaur,1/2/2020,Male,Czech Republic,sdessaur2m@shinystat.com,8063 Green Ridge Drive
Celina,Gauford,1/9/1962,Female,South Sudan,cgauford2n@fc2.com,80 Eastwood Pass
Elsie,Fillis,10/29/1970,Female,Russia,efillis2o@deliciousdays.com,735 Gateway Road
Husein,Augustus,3/31/1983,Male,Pakistan,haugustus2p@mozilla.org,424 Vidon Lane
Daniel,Engledow,7/26/1997,Male,China,dengledow2q@icq.com,97259 Jenna Street
Arin,Cootes,11/9/1991,Male,China,acootes2r@google.com,49469 Anderson Trail
Claiborne,Chandler,7/28/2005,Male,United States,cchandler2s@deliciousdays.com,11 Spohn Park
Saunders,Burehill,5/3/1927,Male,China,sburehill2t@homestead.com,089 Harper Terrace
Peta,Fielders,11/14/2012,Female,Thailand,pfielders2u@themeforest.net,597 Hazelcrest Road
Carlita,Gurton,9/17/1920,Female,Vietnam,cgurton2v@bbb.org,1132 Parkside Trail
Holly,Reiners,11/19/1963,Female,United States,hreiners2w@example.com,871 Petterle Drive
Brigida,Emby,10/13/2011,Female,Honduras,bemby2x@hostgator.com,3 Burning Wood Court
Quentin,Bondy,4/14/1993,Male,Philippines,qbondy2y@discuz.net,939 Moland Lane
Graehme,Harfoot,12/26/2000,Male,Nicaragua,gharfoot2z@altervista.org,3662 Onsgard Way
Odelia,Farrier,4/6/1977,Female,Ireland,ofarrier30@com.com,2460 Lyons Alley
Sunny,Nielson,8/17/1989,Male,Russia,snielson31@fastcompany.com,76617 Thierer Street
Calv,Batisse,11/1/1986,Male,South Africa,cbatisse32@multiply.com,601 Killdeer Drive
Caryl,Almond,11/1/1974,Female,Canada,calmond33@a8.net,37492 Ilene Park
Bryn,Carnelley,12/6/1934,Female,Japan,bcarnelley34@webeden.co.uk,8667 Green Ridge Street
Margette,Spring,2/21/1960,Female,China,mspring35@imgur.com,68369 Golf Lane
Josie,Di Napoli,3/19/2002,Female,China,jdinapoli36@state.gov,9 Swallow Court
Sib,Bener,9/21/2017,Female,Philippines,sbener37@myspace.com,16072 Mockingbird Street
Giavani,Mikalski,7/20/2015,Male,Honduras,gmikalski38@moonfruit.com,389 Evergreen Terrace
Mechelle,Roseborough,3/16/1936,Female,United States,mroseborough39@i2i.jp,4383 Helena Plaza
Brit,Pohlak,10/9/1990,Female,Sweden,bpohlak3a@gizmodo.com,920 Dryden Parkway
Humfried,Abendroth,5/21/1940,Male,Russia,habendroth3b@lycos.com,43153 Pennsylvania Plaza
Rasla,Ludgrove,5/12/1969,Female,Russia,rludgrove3c@wix.com,27071 Butterfield Park
Hyacintha,Mathewes,8/16/2004,Female,China,hmathewes3d@xinhuanet.com,83049 Drewry Court
Alwyn,Gosforth,12/3/2008,Male,Belarus,agosforth3e@sogou.com,04 Stephen Parkway
Clair,Dybell,11/7/1953,Male,Indonesia,cdybell3f@google.com.hk,8 Ronald Regan Drive
Abbot,Roseborough,12/17/1977,Male,Croatia,aroseborough3g@toplist.cz,07 Sugar Plaza
Gino,Szimoni,3/31/1928,Male,United States,gszimoni3h@fastcompany.com,2 South Point
Kahaleel,Bramsom,10/20/1932,Male,China,kbramsom3i@google.es,49 Ridgeview Place
Arri,McKerton,9/7/1947,Male,Ireland,amckerton3j@netlog.com,57 Dayton Circle
Rasla,Novotne,12/29/1926,Female,Argentina,rnovotne3k@com.com,225 Menomonie Terrace
Shandee,Vale,2/5/1942,Female,Philippines,svale3l@forbes.com,3301 Lien Drive
Rosalynd,Hamilton,5/14/1944,Female,China,rhamilton3m@earthlink.net,079 Fairfield Pass
Coralyn,Olivier,10/2/1962,Female,Papua New Guinea,colivier3n@cpanel.net,4 Di Loreto Plaza
Bruno,Mence,4/30/1964,Male,Czech Republic,bmence3o@uiuc.edu,91 Haas Junction
Berky,Loosely,3/12/1964,Male,Mauritania,bloosely3p@samsung.com,10 Bay Circle
Any,Gleed,3/21/2020,Male,South Africa,agleed3q@google.cn,1 Harbort Pass
Giustino,O'Scanlon,11/16/1967,Male,Honduras,goscanlon3r@mozilla.org,2331 Tony Terrace
Catriona,Stegell,3/21/1978,Female,Colombia,cstegell3s@mapy.cz,5 Logan Street
Jefferson,Bushnell,8/18/2018,Male,Indonesia,jbushnell3t@1und1.de,1 Cardinal Way
Siward,McGraw,8/13/1965,Male,Russia,smcgraw3u@apache.org,9537 Katie Avenue
Francoise,Greim,2/3/2009,Female,France,fgreim3v@prnewswire.com,6 Everett Crossing
Russ,Borthwick,6/1/1953,Male,China,rborthwick3w@paypal.com,9113 Sheridan Drive
Ros,Tod,4/14/1998,Female,China,rtod3x@vistaprint.com,88 Nobel Terrace
Raddy,Cheeke,3/23/1965,Male,Bolivia,rcheeke3y@biblegateway.com,89126 Maryland Trail
Ripley,Heathcoat,9/22/1986,Male,China,rheathcoat3z@twitpic.com,97313 Ridge Oak Park
Noella,Friel,11/14/2014,Female,France,nfriel40@independent.co.uk,612 Rutledge Center
Mathian,Penniall,7/9/1966,Male,Indonesia,mpenniall41@arstechnica.com,24 Cody Plaza
Cortney,Hearnshaw,9/30/1985,Female,Indonesia,chearnshaw42@imgur.com,287 Duke Point
Gilbert,Blackstock,6/14/1957,Male,China,gblackstock43@google.ru,78857 Maple Crossing
Heindrick,Ruste,7/20/1942,Male,Mali,hruste44@cpanel.net,73365 Helena Terrace
Sigfried,St. Hill,9/26/1952,Male,Paraguay,ssthill45@loc.gov,42 Fulton Center
Prince,Pavek,5/6/1961,Male,United States,ppavek46@upenn.edu,1618 Northfield Drive
Noemi,Eliyahu,4/14/2002,Female,Indonesia,neliyahu47@go.com,857 Duke Avenue
Blanca,Dallison,4/17/1949,Female,Greece,bdallison48@macromedia.com,52 Miller Crossing
Petronia,Mould,12/3/1941,Female,Japan,pmould49@mapquest.com,15 Messerschmidt Point
Saundra,Gurrado,1/3/1951,Female,Russia,sgurrado4a@fc2.com,2 Florence Parkway
Dene,Capponer,5/12/1962,Male,China,dcapponer4b@feedburner.com,64 Vera Terrace
Lucine,Crawcour,10/13/1933,Female,Republic of the Congo,lcrawcour4c@prlog.org,1315 Anzinger Avenue
Lebbie,Eadington,9/26/1922,Female,Brazil,leadington4d@census.gov,38 Moland Court
Odey,Maplethorp,3/22/1975,Male,Russia,omaplethorp4e@google.ru,15 Westend Road
Emile,Patinkin,7/13/2016,Male,Brazil,epatinkin4f@amazon.de,360 Helena Avenue
Eliot,Dunniom,5/20/1943,Male,Finland,edunniom4g@eepurl.com,68187 Debs Crossing
Rubetta,Ortelt,2/11/1938,Female,Philippines,rortelt4h@salon.com,3633 Loeprich Street
Toma,Ecclestone,4/15/1992,Female,Colombia,tecclestone4i@networksolutions.com,957 Welch Terrace
Teddie,Godsafe,3/9/1923,Male,Philippines,tgodsafe4j@ezinearticles.com,4377 Norway Maple Parkway
Lucais,Stucke,3/25/1922,Male,Colombia,lstucke4k@4shared.com,67870 Stoughton Plaza
Arney,Tolliday,10/28/2017,Male,Russia,atolliday4l@ovh.net,689 Gale Pass
Carolan,Swains,1/29/1940,Female,North Korea,cswains4m@indiatimes.com,15 Union Crossing
Phaidra,Ivushkin,9/30/1973,Female,Indonesia,pivushkin4n@shinystat.com,88 Maple Junction
Thornie,Loader,2/27/2009,Male,Brazil,tloader4o@1688.com,55 Sutherland Way
Maximo,Nottingham,12/18/1979,Male,Russia,mnottingham4p@blogspot.com,1 Merry Center
Ignazio,Croce,11/23/1924,Male,Poland,icroce4q@yolasite.com,0565 Vera Way
Colly,Hanscombe,5/14/1990,Female,China,chanscombe4r@prweb.com,2 Vidon Place
Charlotta,Skellorne,7/15/1946,Female,Russia,cskellorne4s@dmoz.org,263 Hudson Drive
Ly,Rawlcliffe,3/20/1953,Male,Belarus,lrawlcliffe4t@yelp.com,11995 Ryan Court
Kirby,Chaulk,4/2/2016,Male,Croatia,kchaulk4u@4shared.com,01 Pawling Crossing
Mirelle,Huckel,9/29/2017,Female,Indonesia,mhuckel4v@people.com.cn,27124 8th Alley
Creighton,Skaid,7/13/1990,Male,Poland,cskaid4w@woothemes.com,267 Carioca Trail
Yance,Law,12/22/1951,Male,Poland,ylaw4x@weibo.com,18 8th Parkway
Phebe,Toleman,10/3/2001,Female,Indonesia,ptoleman4y@cdc.gov,5 Manufacturers Road
Kinny,Spawell,1/15/1995,Male,Moldova,kspawell4z@deviantart.com,5886 Briar Crest Hill
Osmund,Schmidt,3/4/2006,Male,Japan,oschmidt50@uol.com.br,60 Emmet Drive
Harrietta,Tout,9/18/1951,Female,China,htout51@yandex.ru,11807 Kings Park
Ernestine,Maybery,10/26/2018,Female,Greece,emaybery52@google.de,649 Dakota Place
Moina,Hulcoop,3/26/2004,Female,Ukraine,mhulcoop53@networkadvertising.org,55 Kenwood Road
Ad,Girvin,3/4/1934,Male,Russia,agirvin54@cafepress.com,90556 Loomis Terrace
Eve,Kenner,6/4/1954,Female,Philippines,ekenner55@geocities.jp,9 Morrow Park
Bobbe,Dennert,11/7/1960,Female,China,bdennert56@devhub.com,5235 Glacier Hill Lane
Dorey,Humerstone,7/22/1953,Female,Japan,dhumerstone57@zimbio.com,9 Luster Way
Xymenes,Evett,6/15/1936,Male,China,xevett58@angelfire.com,96283 Di Loreto Trail
Emmanuel,Ossulton,8/20/1966,Male,Brazil,eossulton59@exblog.jp,06455 Bay Terrace
Carolann,Brandt,5/12/1991,Female,China,cbrandt5a@yandex.ru,71 Fuller Plaza
Talbot,Forgan,7/10/2001,Male,France,tforgan5b@huffingtonpost.com,66161 Blue Bill Park Drive
Dian,McCorrie,11/5/1943,Female,Russia,dmccorrie5c@house.gov,0681 Hazelcrest Drive
Hugh,Detloff,4/3/1962,Male,China,hdetloff5d@nymag.com,5111 Ilene Way
Timmie,Huyghe,7/29/1922,Male,France,thuyghe5e@unc.edu,5 Dovetail Way
Marylee,Jandl,9/6/1979,Female,Guatemala,mjandl5f@home.pl,558 Melody Park
Artemas,Simyson,4/2/2005,Male,Portugal,asimyson5g@unblog.fr,2 Northview Road
Darsey,Antoniottii,12/21/1967,Female,Ivory Coast,dantoniottii5h@ow.ly,7021 Glacier Hill Hill
Falkner,Methven,7/5/1967,Male,Indonesia,fmethven5i@opensource.org,50017 Dayton Hill
Leonie,Clemerson,12/31/1961,Female,Japan,lclemerson5j@dell.com,3959 Coleman Alley
Ravi,Kruger,5/27/1954,Male,Morocco,rkruger5k@nydailynews.com,2230 Valley Edge Junction
Don,Dorant,9/11/2013,Male,Mauritius,ddorant5l@usatoday.com,246 Becker Hill
Allina,Streets,8/31/1981,Female,Portugal,astreets5m@chronoengine.com,83 Grim Pass
Jasun,Meaden,1/29/2017,Male,Mongolia,jmeaden5n@ca.gov,7526 Hudson Plaza
Tynan,Duckitt,10/23/1981,Male,Syria,tduckitt5o@sfgate.com,40 Novick Parkway
Sara,Dunkinson,11/29/1934,Female,Indonesia,sdunkinson5p@unicef.org,235 Redwing Court
Marquita,Godspede,5/31/2003,Female,Panama,mgodspede5q@fastcompany.com,95 Westerfield Street
Myranda,Iredale,12/1/2001,Female,El Salvador,miredale5r@pcworld.com,524 Sycamore Drive
Melisande,Shippard,12/9/1968,Female,Mexico,mshippard5s@squidoo.com,350 Green Ridge Way
Rebecka,Gaynsford,6/6/1993,Female,Kuwait,rgaynsford5t@wufoo.com,64 Burrows Court
Maisie,Lambarth,5/2/1959,Female,Guyana,mlambarth5u@t.co,2 Haas Court
Charmain,Guidone,9/8/2018,Female,Nepal,cguidone5v@google.cn,31927 Mifflin Court
Rosa,Peake,11/25/1988,Female,China,rpeake5w@multiply.com,51 Vahlen Park
Josselyn,Deehan,7/8/1975,Female,China,jdeehan5x@furl.net,5464 Declaration Trail
Avis,Dando,5/5/1960,Female,Russia,adando5y@mit.edu,4094 Farragut Crossing
Sisely,Hubbis,2/1/1940,Female,Malaysia,shubbis5z@list-manage.com,93281 Lerdahl Avenue
Anastasie,Demangeon,1/5/1971,Female,Lithuania,ademangeon60@mayoclinic.com,858 Harbort Avenue
Berty,MacNelly,3/4/1925,Female,Ukraine,bmacnelly61@vimeo.com,1918 Knutson Parkway
Sibyl,Lunny,12/21/1937,Female,Bhutan,slunny62@tamu.edu,5339 Monterey Street
Sianna,Alcide,3/18/1925,Female,China,salcide63@artisteer.com,5843 Towne Terrace
Enid,Milham,11/10/1962,Female,Mexico,emilham64@kickstarter.com,21 Armistice Court
Gasper,Treswell,5/25/2010,Male,China,gtreswell65@newsvine.com,65 Declaration Crossing
Kane,McDowell,1/9/1924,Male,Kazakhstan,kmcdowell66@4shared.com,6 Esch Circle
Rodge,Crose,5/21/2017,Male,China,rcrose67@1688.com,072 Doe Crossing Lane
Belicia,Cornew,12/23/1962,Female,Thailand,bcornew68@weather.com,30942 Novick Terrace
Petr,Curdell,6/4/1945,Male,Tunisia,pcurdell69@google.cn,33 Riverside Way
Tracee,Lilly,6/21/1974,Female,Paraguay,tlilly6a@yolasite.com,41902 Donald Alley
Ches,Skayman,7/29/2013,Male,Indonesia,cskayman6b@theglobeandmail.com,51454 Melody Hill
Cecelia,Egell,8/28/1972,Female,Poland,cegell6c@livejournal.com,116 Crownhardt Street
Walden,Eisold,8/16/1922,Male,Portugal,weisold6d@smugmug.com,0 Ridgeview Parkway
Lyn,Jickles,11/5/1982,Female,Cyprus,ljickles6e@netscape.com,05201 East Center
Francisco,Rheaume,2/26/1956,Male,Indonesia,frheaume6f@hostgator.com,93 Lakewood Gardens Terrace
Jaquelyn,Lornsen,9/17/2004,Female,Brazil,jlornsen6g@quantcast.com,6858 Carberry Lane
Alic,Mayho,2/16/1945,Male,Greece,amayho6h@123-reg.co.uk,407 Dottie Drive
Margalit,Christol,6/3/1931,Female,China,mchristol6i@home.pl,0 Bobwhite Place
Urbain,Panas,10/26/1957,Male,Portugal,upanas6j@google.ca,2903 2nd Drive
Shalna,Spores,1/8/1942,Female,Peru,sspores6k@princeton.edu,83794 Melvin Center
Allin,Jales,1/9/1928,Male,Russia,ajales6l@devhub.com,27726 Larry Parkway
Bobbi,Bartolomieu,5/5/1963,Female,Russia,bbartolomieu6m@yolasite.com,8220 Merchant Street
Osmund,Habeshaw,9/3/1996,Male,Chile,ohabeshaw6n@meetup.com,1 Kinsman Park
Hedi,Mcettrick,4/18/1975,Female,Philippines,hmcettrick6o@nba.com,1 Portage Lane
Rodolph,Gateland,7/15/1960,Male,Slovenia,rgateland6p@csmonitor.com,869 Kings Terrace
Leshia,Hay,10/18/1934,Female,Ireland,lhay6q@hubpages.com,0 Shasta Parkway
Ezequiel,Wolfinger,1/1/1947,Male,Tunisia,ewolfinger6r@google.fr,80208 Welch Hill
Aldridge,Masser,2/2/1933,Male,Guatemala,amasser6s@twitpic.com,6 Lunder Center
Roberta,Schnitter,6/15/1964,Female,Philippines,rschnitter6t@japanpost.jp,8 Huxley Court
Hurlee,Perle,10/27/1984,Male,Russia,hperle6u@multiply.com,2 Acker Avenue
Tom,McCrackem,11/8/1986,Male,Indonesia,tmccrackem6v@dot.gov,38 Scott Drive
Sophi,Lockie,10/31/1966,Female,Russia,slockie6w@narod.ru,59744 Emmet Hill
Major,Kitney,3/26/2007,Male,Philippines,mkitney6x@icio.us,81383 Di Loreto Trail
Mose,Pigney,5/9/1957,Male,Philippines,mpigney6y@ihg.com,56654 Golf Course Street
Donnamarie,Mulford,2/8/1936,Female,Spain,dmulford6z@reuters.com,9 Buhler Point
Cynde,Cape,7/20/1937,Female,Portugal,ccape70@telegraph.co.uk,36383 Valley Edge Way
Fawnia,Eates,6/3/2011,Female,China,feates71@flavors.me,9 Shelley Parkway
Barrett,Diben,1/25/1994,Male,Argentina,bdiben72@jimdo.com,6 Eggendart Lane
Ernesto,Bridgewood,2/15/1931,Male,China,ebridgewood73@dyndns.org,60772 Graedel Terrace
Olympe,Budgey,5/5/1929,Female,Libya,obudgey74@state.gov,10103 Lake View Way
Tristan,Goodere,10/13/2001,Male,Indonesia,tgoodere75@kickstarter.com,03 Ridgeview Crossing
Syman,Goodbar,10/8/1974,Male,Croatia,sgoodbar76@naver.com,1943 Cherokee Alley
Etty,Smeall,11/2/1925,Female,Sri Lanka,esmeall77@unesco.org,421 Waxwing Trail
Jessalyn,Fiddiman,12/5/1992,Female,Indonesia,jfiddiman78@omniture.com,610 Lotheville Alley
Cthrine,Jurgen,5/19/1931,Female,Cuba,cjurgen79@jimdo.com,6 Talmadge Park
Roi,Rogister,11/2/1936,Male,Indonesia,rrogister7a@mlb.com,315 Iowa Parkway
Rufe,Moreno,7/31/1963,Male,Indonesia,rmoreno7b@eventbrite.com,4972 Stang Plaza
Charity,Elsay,11/7/1955,Female,Argentina,celsay7c@google.ru,991 Dorton Crossing
Eilis,Jozwiak,9/23/1967,Female,China,ejozwiak7d@prweb.com,94722 Oak Valley Point
Jordanna,Nunnery,5/6/1940,Female,Chile,jnunnery7e@disqus.com,78 Mockingbird Drive
Jana,Leisman,6/4/1978,Female,Philippines,jleisman7f@reverbnation.com,6 Heath Hill
Scottie,Andrys,5/31/1978,Male,France,sandrys7g@aboutads.info,4989 Monument Circle
Bibi,Marcus,12/12/1979,Female,Malaysia,bmarcus7h@nih.gov,16 Bunker Hill Park
Debby,Arnaldy,5/12/1947,Female,Philippines,darnaldy7i@delicious.com,4 Beilfuss Avenue
Boony,Stickley,1/3/1969,Male,Brazil,bstickley7j@hugedomains.com,4676 Heffernan Parkway
Reed,Pratte,3/19/2002,Male,Indonesia,rpratte7k@smugmug.com,99129 Waywood Road
Brandie,Byway,11/13/2010,Female,China,bbyway7l@booking.com,7089 Dovetail Street
Kirsti,Shemmin,2/14/1967,Female,Indonesia,kshemmin7m@naver.com,1400 Swallow Alley
Nerty,Izzat,1/29/2012,Female,Netherlands,nizzat7n@naver.com,380 Waubesa Point
Corena,Cavalier,9/20/2010,Female,Finland,ccavalier7o@topsy.com,22 Mayfield Crossing
Massimiliano,Fillis,8/9/1992,Male,Vietnam,mfillis7p@tinypic.com,87790 Waywood Way
Evin,Fullun,3/9/1949,Male,China,efullun7q@weebly.com,93013 Kenwood Alley
Armand,Byrom,3/18/1933,Male,Portugal,abyrom7r@sitemeter.com,322 Namekagon Center
Bethanne,MacKeever,9/1/1978,Female,Indonesia,bmackeever7s@amazonaws.com,5188 Rowland Circle
Early,Longcake,5/25/1993,Male,Japan,elongcake7t@pagesperso-orange.fr,7 Kipling Parkway
Garwin,Andrzejczak,5/19/2012,Male,Japan,gandrzejczak7u@free.fr,21681 Merchant Trail
Laurice,Carles,10/8/1992,Female,Egypt,lcarles7v@ucsd.edu,152 Gale Avenue
Deirdre,Eaton,2/10/2002,Female,Indonesia,deaton7w@jugem.jp,674 Comanche Circle
Orlando,Maudlin,1/28/2020,Male,Portugal,omaudlin7x@nytimes.com,2608 Straubel Avenue
Nicola,Simons,12/24/1969,Female,Albania,nsimons7y@gravatar.com,5374 Vermont Way
Shelli,Redler,6/29/1973,Female,Russia,sredler7z@marketwatch.com,2 Sullivan Drive
Zelma,MacAnelley,8/19/2013,Female,Chile,zmacanelley80@linkedin.com,89274 Del Sol Avenue
Buddie,Lawling,4/7/1953,Male,China,blawling81@dmoz.org,891 Bartelt Park
Germaine,Harber,6/16/1982,Male,Philippines,gharber82@thetimes.co.uk,5971 Luster Alley
Winifred,Kisbey,11/6/1968,Female,Mauritania,wkisbey83@wired.com,3 Brentwood Plaza
Walker,Jozefowicz,9/9/1997,Male,Portugal,wjozefowicz84@sun.com,12943 Goodland Plaza
Rhett,Wardley,10/24/1924,Male,Albania,rwardley85@phoca.cz,598 Cottonwood Way
Marketa,Trazzi,8/26/1932,Female,Libya,mtrazzi86@businessweek.com,8 Florence Circle
Jessamyn,Lealle,5/8/2007,Female,Indonesia,jlealle87@wikimedia.org,44417 Crescent Oaks Junction
Walden,Gittose,10/8/1994,Male,Colombia,wgittose88@google.com.hk,261 Marquette Drive
Alvy,Boldero,2/21/1965,Male,Mongolia,aboldero89@geocities.jp,6 Nelson Terrace
Kennan,Remon,9/16/1935,Male,South Africa,kremon8a@paginegialle.it,4489 Sommers Hill
Lon,Teresia,1/18/1926,Male,Russia,lteresia8b@unicef.org,19067 South Pass
Daniella,Loalday,11/26/1933,Female,Russia,dloalday8c@w3.org,84561 Anzinger Park
Rollo,McGarvie,9/23/2006,Male,China,rmcgarvie8d@mapy.cz,8171 Marcy Point
Erda,Hagwood,5/2/1936,Female,Kazakhstan,ehagwood8e@issuu.com,1991 Scoville Circle
Opalina,Zavattero,4/22/1929,Female,China,ozavattero8f@last.fm,4 Portage Drive
Roxy,Worpole,5/22/1933,Female,China,rworpole8g@zimbio.com,33 Pankratz Avenue
Cornie,Wormstone,10/3/1949,Female,East Timor,cwormstone8h@narod.ru,95319 Pepper Wood Pass
Vivi,Bodesson,12/18/1989,Female,Ukraine,vbodesson8i@tripadvisor.com,580 Village Crossing
Der,Leftbridge,2/24/1988,Male,Philippines,dleftbridge8j@ow.ly,35187 Mallory Center
Kippie,Nys,7/27/1921,Female,China,knys8k@dell.com,99 Memorial Park
Kittie,Glascott,6/21/1974,Female,Madagascar,kglascott8l@hhs.gov,57 Delaware Junction
Payton,Burtt,2/13/2013,Male,Russia,pburtt8m@blinklist.com,288 Clarendon Avenue
Gavan,Vigne,6/6/1955,Male,Philippines,gvigne8n@facebook.com,7785 Spenser Court
Kari,MacIlwrick,3/5/2008,Female,Honduras,kmacilwrick8o@sitemeter.com,11331 Del Mar Point
Fields,Le Brum,1/29/2012,Male,Peru,flebrum8p@sohu.com,20105 Schurz Place
Lebbie,Pien,11/5/1942,Female,"Bonaire, Saint Eustatius and Saba ",lpien8q@boston.com,7 Grim Terrace
Jarret,Rannells,10/20/1920,Male,Azerbaijan,jrannells8r@cocolog-nifty.com,46 Elgar Trail
Hans,Carlyon,11/9/1921,Male,Russia,hcarlyon8s@domainmarket.com,39423 Buena Vista Street
Cazzie,Wardel,8/4/1942,Male,Bosnia and Herzegovina,cwardel8t@aol.com,04754 Debs Drive
Rosa,Stanger,7/15/1982,Female,Sweden,rstanger8u@huffingtonpost.com,184 Elmside Hill
Billy,Merriton,12/13/1966,Male,Indonesia,bmerriton8v@cyberchimps.com,5 Shoshone Court
Felic,Braid,3/20/1986,Male,Thailand,fbraid8w@gizmodo.com,1 Columbus Center
Roley,Mounfield,4/12/1922,Male,China,rmounfield8x@unesco.org,4285 Corscot Way
Benedetto,Quade,12/15/1937,Male,Thailand,bquade8y@dailymotion.com,5 Laurel Street
Doris,Ambroziak,9/18/1973,Female,Bosnia and Herzegovina,dambroziak8z@abc.net.au,43 Roth Parkway
Sibley,Hallaways,5/4/1975,Female,China,shallaways90@wired.com,5 Brown Drive
Kermy,Abell,7/21/1925,Male,Philippines,kabell91@fema.gov,5 Warbler Trail
Tabby,Ordidge,12/5/1958,Male,Sweden,tordidge92@plala.or.jp,96233 Steensland Street
Randa,Yakunchikov,8/28/1949,Female,Indonesia,ryakunchikov93@loc.gov,0604 Lillian Drive
Richy,Cardoso,7/31/2001,Male,China,rcardoso94@elpais.com,6405 Dottie Street
Keene,Dockray,7/4/1942,Male,Indonesia,kdockray95@tiny.cc,92241 Brentwood Point
Gladi,Matthisson,8/11/2014,Female,China,gmatthisson96@nifty.com,4349 Utah Pass
Muriel,Pigeram,2/27/1984,Female,Spain,mpigeram97@cnbc.com,95908 Cherokee Place
Felizio,Kobke,9/21/1988,Male,Morocco,fkobke98@ca.gov,164 Fulton Lane
Madalena,Merner,12/25/1927,Female,Russia,mmerner99@feedburner.com,43141 Sunfield Terrace
Hank,Braham,7/23/1952,Male,Philippines,hbraham9a@skyrock.com,837 Spaight Street
Calley,Kealey,8/28/1921,Female,Philippines,ckealey9b@g.co,58414 Doe Crossing Drive
Donall,Aspling,11/26/1955,Male,China,daspling9c@drupal.org,2466 Sheridan Plaza
Garrard,Dobrovsky,10/17/2006,Male,Kuwait,gdobrovsky9d@nydailynews.com,1799 Upham Crossing
Bevvy,Housegoe,5/7/1994,Female,Ukraine,bhousegoe9e@usa.gov,9 Caliangt Point
Giustina,Chattell,9/6/1948,Female,Indonesia,gchattell9f@symantec.com,31753 Westend Way
Alessandro,Beldham,2/2/1926,Male,Japan,abeldham9g@acquirethisname.com,1215 Namekagon Terrace
Adrien,Whittlesey,7/7/1965,Male,Yemen,awhittlesey9h@archive.org,32 Oak Valley Court
Amelita,Mizen,1/3/1985,Female,Ireland,amizen9i@a8.net,90 Russell Park
Hollie,Eaton,11/8/1977,Female,Poland,heaton9j@walmart.com,6 Paget Point
Barb,Ruddiforth,10/12/2013,Female,Russia,bruddiforth9k@fotki.com,16210 Lawn Trail
Teressa,Willsmore,4/19/1980,Female,Philippines,twillsmore9l@senate.gov,790 Warner Parkway
Myrtice,Kimmerling,5/26/2012,Female,Poland,mkimmerling9m@spiegel.de,2 Eggendart Alley
Terrill,Kopman,5/20/1930,Male,China,tkopman9n@ycombinator.com,90020 Russell Center
Moria,Gerardin,10/10/1954,Female,Indonesia,mgerardin9o@alexa.com,90 Cherokee Parkway
Crichton,Ginnane,10/10/1996,Male,Russia,cginnane9p@360.cn,60072 Holy Cross Hill
Milty,Spreull,8/14/1988,Male,Philippines,mspreull9q@shop-pro.jp,64 Pearson Plaza
Shandeigh,Hillatt,11/18/1954,Female,Poland,shillatt9r@kickstarter.com,9913 Oriole Lane
Burlie,Arkell,7/10/1925,Male,Indonesia,barkell9s@whitehouse.gov,3983 Brickson Park Park
Stavros,McDavitt,1/10/1921,Male,China,smcdavitt9t@springer.com,43 New Castle Crossing
Donnajean,Burt,12/8/1928,Female,China,dburt9u@tinyurl.com,13360 Packers Crossing
Manda,Becarra,1/26/1943,Female,Argentina,mbecarra9v@multiply.com,50369 Magdeline Circle
Ezekiel,Ruvel,1/1/1936,Male,China,eruvel9w@google.com.br,90 Farwell Avenue
Osbert,Elloit,2/15/1974,Male,Colombia,oelloit9x@ebay.co.uk,70053 Nobel Trail
Hatti,Schruyer,12/29/1958,Female,China,hschruyer9y@examiner.com,368 5th Court
Amos,Verzey,3/8/1965,Male,Indonesia,averzey9z@imdb.com,43509 Westridge Terrace
Lucio,Joskovitch,7/29/1996,Male,Poland,ljoskovitcha0@ucla.edu,65794 Waubesa Alley
Marge,Rotlauf,11/5/1932,Female,Ukraine,mrotlaufa1@vkontakte.ru,58 Forest Avenue
Judah,Bushill,2/9/1934,Male,China,jbushilla2@census.gov,5752 Portage Park
Derek,Powys,8/25/1962,Male,Zambia,dpowysa3@com.com,90 Lawn Place
Katlin,Yantsev,8/4/2008,Female,France,kyantseva4@hud.gov,41162 Fuller Pass
Trefor,Cutill,10/17/1948,Male,Philippines,tcutilla5@parallels.com,49 Kim Circle
Ardys,Fairest,5/27/2014,Female,China,afairesta6@abc.net.au,177 Jenna Plaza
Cart,Gisburne,4/10/1952,Male,Canada,cgisburnea7@hostgator.com,66 Caliangt Crossing
Vasili,Russen,8/29/1959,Male,China,vrussena8@vimeo.com,41 Granby Court
Aldwin,Shipway,10/13/1934,Male,Czech Republic,ashipwaya9@google.fr,6 Fairview Avenue
Clyve,Funcheon,2/3/1945,Male,China,cfuncheonaa@sciencedirect.com,1 Eliot Road
Bird,Winson,6/12/1995,Female,China,bwinsonab@springer.com,7 Forest Run Way
Fleurette,Fritchly,1/22/1975,Female,Macedonia,ffritchlyac@list-manage.com,1566 Grayhawk Road
Franky,Kynsey,1/25/2020,Male,Vietnam,fkynseyad@flavors.me,8958 Gerald Drive
Yvor,Houlston,12/25/1952,Male,Zimbabwe,yhoulstonae@youtube.com,437 Charing Cross Avenue
Wain,Abraham,2/17/1924,Male,China,wabrahamaf@qq.com,62 Northwestern Point
Neysa,Cadwell,1/25/2006,Female,Niger,ncadwellag@so-net.ne.jp,90832 Grasskamp Terrace
Kelbee,Brittin,2/6/1936,Male,China,kbrittinah@trellian.com,03833 Sutherland Circle
Glyn,Eldin,11/11/1966,Male,Indonesia,geldinai@netscape.com,9 Continental Center
Joey,Milam,10/3/1974,Female,Cuba,jmilamaj@istockphoto.com,95 Knutson Parkway
Ingaberg,Gash,4/20/1933,Female,Croatia,igashak@nymag.com,70376 4th Plaza
Liva,Springtorp,12/16/1969,Female,Japan,lspringtorpal@youku.com,63 Cascade Parkway
Errol,Banishevitz,1/22/1938,Male,Vietnam,ebanishevitzam@hp.com,73335 Orin Center
Andrus,Knagges,6/14/1972,Male,Egypt,aknaggesan@4shared.com,655 Declaration Parkway
Jasen,Sacase,2/1/1931,Male,Portugal,jsacaseao@mac.com,87 Northwestern Avenue
Melita,Antonomoli,8/18/1947,Female,Russia,mantonomoliap@bandcamp.com,6758 Kim Plaza
Danila,Mapowder,12/26/1942,Female,China,dmapowderaq@freewebs.com,2003 Cody Road
Gusella,Denford,5/18/1974,Female,Sweden,gdenfordar@opera.com,3 Nova Alley
Howard,Antonich,7/22/1957,Male,Poland,hantonichas@buzzfeed.com,9 Ilene Place
Alleyn,Wardingley,8/16/2006,Male,Sweden,awardingleyat@berkeley.edu,60513 Bellgrove Circle
Barbabra,Matushevich,11/24/1922,Female,Ireland,bmatushevichau@smugmug.com,994 Dennis Lane
Gayel,Labbati,3/27/1959,Female,Slovenia,glabbatiav@weather.com,57 Donald Place
Raine,Rawle,11/27/1994,Female,Moldova,rrawleaw@msu.edu,91 Golden Leaf Parkway
Eden,Barratt,2/8/1993,Female,Czech Republic,ebarrattax@harvard.edu,81 Northland Trail
Burgess,Thorogood,5/4/2012,Male,Indonesia,bthorogooday@indiatimes.com,73420 Eastwood Alley
Maybelle,Hanley,9/18/1929,Female,Brazil,mhanleyaz@weebly.com,882 Nelson Trail
Derrek,Krabbe,2/26/1954,Male,Indonesia,dkrabbeb0@auda.org.au,43 Lukken Terrace
Odey,Axelbey,7/27/2016,Male,Russia,oaxelbeyb1@about.com,20 Mayfield Place
Horten,Parratt,12/8/2006,Male,Poland,hparrattb2@arstechnica.com,289 Lotheville Street
Dedie,Wilcocks,4/16/1963,Female,Sweden,dwilcocksb3@github.io,85116 Oriole Pass
Dorice,Gradwell,11/14/1941,Female,Peru,dgradwellb4@zdnet.com,004 New Castle Circle
Mitch,Upstone,4/13/1946,Male,Philippines,mupstoneb5@storify.com,7 Knutson Court
Fran,Gamlyn,6/16/1944,Female,Colombia,fgamlynb6@alexa.com,799 Meadow Ridge Hill
Belva,Busfield,10/17/1975,Female,Croatia,bbusfieldb7@nih.gov,28145 Homewood Alley
Sayre,Eccleshall,2/20/1947,Male,China,seccleshallb8@sun.com,617 Luster Alley
Sandye,Ondrasek,2/9/2000,Female,Philippines,sondrasekb9@example.com,7348 Oneill Crossing
Valentijn,Ranscombe,11/5/1965,Male,China,vranscombeba@flickr.com,1 Main Place
Dorelia,Larenson,8/27/1940,Female,Indonesia,dlarensonbb@google.de,018 Moland Crossing
Evelyn,Scrancher,4/30/1938,Male,Vietnam,escrancherbc@etsy.com,9770 Blackbird Point
Les,Gissing,2/3/1964,Male,South Africa,lgissingbd@dropbox.com,19676 Texas Hill
Danyette,Alvarez,2/6/1976,Female,Denmark,dalvarezbe@seesaa.net,76711 Clyde Gallagher Trail
Jerrylee,de Bullion,8/31/1920,Female,China,jdebullionbf@census.gov,4 West Street
Brianne,Duffitt,11/16/2007,Female,Portugal,bduffittbg@hatena.ne.jp,540 Mitchell Point
Dino,Lamerton,5/7/1965,Male,Brazil,dlamertonbh@gizmodo.com,6 Farragut Lane
Derril,Stockoe,11/2/1982,Male,China,dstockoebi@pen.io,0 Dunning Crossing
Bertie,Penhalurick,6/26/1939,Female,Cameroon,bpenhalurickbj@mail.ru,2661 Drewry Circle
Devina,Abrahm,12/30/2016,Female,Croatia,dabrahmbk@studiopress.com,2 Ludington Park
Darelle,Muselli,11/14/1977,Female,Indonesia,dmusellibl@pbs.org,36 Tennyson Drive
Alaric,Trewinnard,4/17/2004,Male,Portugal,atrewinnardbm@dropbox.com,03 Longview Center
Cairistiona,Mioni,2/25/1951,Female,British Virgin Islands,cmionibn@ox.ac.uk,302 Westport Parkway
Euell,Roseaman,8/23/1922,Male,Thailand,eroseamanbo@amazon.co.uk,516 Bay Street
Vania,Dannell,7/11/1951,Female,South Africa,vdannellbp@wikispaces.com,255 Declaration Parkway
Jobyna,Mugleston,4/30/2011,Female,Nigeria,jmuglestonbq@51.la,70114 Di Loreto Center
Janna,Litzmann,1/8/1953,Female,Peru,jlitzmannbr@cnbc.com,11 Bluejay Center
Tommi,Basilio,8/27/1945,Female,Malaysia,tbasiliobs@netscape.com,2 Montana Road
Codi,Bushe,11/23/1929,Female,Israel,cbushebt@marriott.com,57 Rowland Street
Adda,Karolyi,7/17/1951,Female,Panama,akarolyibu@baidu.com,35826 Upham Street
Jamie,Deetch,9/1/1987,Male,Finland,jdeetchbv@google.it,170 Little Fleur Lane
Ty,Rendle,3/17/1995,Male,Russia,trendlebw@oracle.com,07 Derek Place
Thorndike,Brundrett,1/12/1958,Male,Greece,tbrundrettbx@huffingtonpost.com,0608 Longview Plaza
Tuck,Yakobovicz,1/19/2002,Male,France,tyakoboviczby@census.gov,736 Bunker Hill Alley
Heda,Canadine,10/23/1925,Female,Burkina Faso,hcanadinebz@intel.com,39820 Dorton Park
Konrad,Filipowicz,2/11/2002,Male,Macedonia,kfilipowiczc0@wikia.com,5 Darwin Plaza
Antoni,Huggard,5/2/1960,Male,China,ahuggardc1@nps.gov,756 Meadow Valley Junction
Clem,Dobbs,5/12/1954,Female,Portugal,cdobbsc2@ovh.net,924 Tony Trail
Horton,Champ,7/17/2003,Male,Honduras,hchampc3@yahoo.com,83383 Jana Junction
Linet,Pigot,11/5/1961,Female,Brazil,lpigotc4@weebly.com,36 Butterfield Circle
Uriah,Peel,7/14/1956,Male,Thailand,upeelc5@multiply.com,8876 Ohio Circle
Jade,Muzzi,2/14/1923,Female,Colombia,jmuzzic6@foxnews.com,1768 Meadow Vale Street
Barbey,Beilby,3/5/1938,Female,Finland,bbeilbyc7@howstuffworks.com,45 Center Way
Edy,Pippard,6/24/2019,Female,Colombia,epippardc8@cbc.ca,75 Aberg Circle
Codi,Corcoran,7/28/1944,Female,Colombia,ccorcoranc9@vk.com,1 Rockefeller Hill
Debbie,Isham,6/16/1949,Female,Philippines,dishamca@histats.com,624 Havey Place
Duff,Sentinella,4/22/1941,Male,China,dsentinellacb@tmall.com,8876 Dakota Terrace
Flint,Hartup,9/11/1927,Male,Sweden,fhartupcc@nydailynews.com,5846 Fallview Way
Marven,Czajkowski,8/25/2006,Male,United States,mczajkowskicd@addtoany.com,95867 Crowley Center
Fabiano,Ramsier,10/25/1987,Male,France,framsierce@mlb.com,3016 Lyons Avenue
Araldo,Coughlan,11/29/1931,Male,China,acoughlancf@instagram.com,24 Goodland Alley
Seth,Bool,11/30/1946,Male,Democratic Republic of the Congo,sboolcg@boston.com,76686 Express Alley
Archambault,McVity,2/25/1974,Male,China,amcvitych@huffingtonpost.com,956 Hauk Road
Correy,Fernao,5/14/1969,Male,United States,cfernaoci@pen.io,7 Caliangt Court
Adrienne,Wortman,6/25/1931,Female,China,awortmancj@spotify.com,7005 Macpherson Road
Morley,MacNamee,12/11/2002,Male,Croatia,mmacnameeck@unc.edu,884 Ryan Park
Dinny,Land,11/2/1955,Female,Belarus,dlandcl@w3.org,50 Summerview Trail
Dulcine,Haigh,4/28/1993,Female,China,dhaighcm@hhs.gov,9 2nd Avenue
Winna,Eddisforth,5/20/1996,Female,Russia,weddisforthcn@google.pl,03070 Brentwood Avenue
Rheba,Giannotti,6/13/1959,Female,Russia,rgiannottico@indiatimes.com,951 Elmside Hill
Thea,Mitchelson,2/9/1943,Female,China,tmitchelsoncp@adobe.com,9503 Crest Line Parkway
Massimiliano,Thackeray,8/21/1949,Male,Taiwan,mthackeraycq@chronoengine.com,36 Kedzie Road
Bastien,Kaye,9/4/1936,Male,Honduras,bkayecr@globo.com,36 Dexter Terrace
Lelia,Capp,10/11/1958,Female,China,lcappcs@taobao.com,480 Sugar Drive
Mildrid,Koene,8/16/2007,Female,Greece,mkoenect@google.it,43113 Nelson Junction
Benedicta,Badam,9/30/2008,Female,Argentina,bbadamcu@google.pl,7 Farwell Lane
Demeter,Canon,10/1/1924,Female,China,dcanoncv@addtoany.com,7921 Menomonie Road
Ethelind,Borkett,1/15/2005,Female,Russia,eborkettcw@trellian.com,1561 Mariners Cove Crossing
Skippy,McMackin,6/28/1921,Male,Sweden,smcmackincx@ucoz.ru,0771 Morning Park
Cindie,Lassells,6/24/1960,Female,Japan,classellscy@cargocollective.com,510 Aberg Court
Vannie,Ferie,10/19/1984,Female,Suriname,vferiecz@exblog.jp,6633 Little Fleur Trail
Martino,Lishman,3/31/1990,Male,China,mlishmand0@utexas.edu,432 Gulseth Alley
Zabrina,Skilling,11/13/2019,Female,Egypt,zskillingd1@weebly.com,4646 Iowa Street
Roosevelt,Durbann,1/18/1951,Male,Czech Republic,rdurbannd2@epa.gov,61425 Jenifer Alley
Faustina,Roath,1/29/1981,Female,Afghanistan,froathd3@163.com,7 Havey Place
Corie,McMenamy,4/23/2003,Female,Poland,cmcmenamyd4@weibo.com,6 Mosinee Junction
Basilio,Lutzmann,9/6/1951,Male,Russia,blutzmannd5@shutterfly.com,1 Bunker Hill Crossing
Lethia,McGlue,10/3/1971,Female,China,lmcglued6@bing.com,567 Service Alley
Florina,Udie,12/28/1987,Female,China,fudied7@tinyurl.com,3684 Little Fleur Hill
Sheppard,Ponte,5/10/2014,Male,Japan,sponted8@twitter.com,20 Merrick Road
Chicky,Emanuele,11/13/2006,Female,Indonesia,cemanueled9@feedburner.com,214 Hoard Hill
Vikki,Margetts,12/22/1928,Female,Nigeria,vmargettsda@baidu.com,61981 Caliangt Alley
Buddy,Heggadon,10/23/1969,Male,Philippines,bheggadondb@zimbio.com,5 Sunfield Street
Zed,MacGregor,11/12/1937,Male,Greece,zmacgregordc@netscape.com,4680 Nobel Trail
Kesley,Thaller,8/8/2007,Female,China,kthallerdd@jugem.jp,435 Washington Alley
Drucy,Hunstone,8/26/1997,Female,Mongolia,dhunstonede@imgur.com,70 Hudson Drive
Ida,Robak,10/30/1967,Female,South Korea,irobakdf@opera.com,7545 Huxley Alley
Rebekkah,Latch,4/26/1962,Female,Serbia,rlatchdg@parallels.com,7 La Follette Plaza
Thomasa,Dayborne,12/9/1984,Female,Switzerland,tdaybornedh@virginia.edu,5 Oak Hill
Darda,Dowsett,6/25/1970,Female,Canada,ddowsettdi@jalbum.net,00 Scofield Lane
Base,Kavanagh,3/31/1928,Male,United States,bkavanaghdj@toplist.cz,5 Haas Street
Lyn,Ludmann,11/11/2009,Female,Indonesia,lludmanndk@woothemes.com,6724 Eastwood Park
Johnnie,Bonnell,2/13/1952,Male,Ukraine,jbonnelldl@list-manage.com,015 Monica Alley
Carmon,Kunkler,6/1/1993,Female,China,ckunklerdm@networksolutions.com,26502 Ridge Oak Pass
Elyn,Farans,2/16/1962,Female,Russia,efaransdn@sun.com,284 Lakewood Gardens Way
Shannon,Lerner,4/4/2013,Female,Indonesia,slernerdo@wired.com,3 Stone Corner Place
Kessia,Retallick,12/14/1986,Female,Indonesia,kretallickdp@cyberchimps.com,666 Goodland Road
Josepha,Chenery,12/15/1990,Female,Cameroon,jchenerydq@abc.net.au,26894 Pond Lane
Briant,Rustman,5/23/1920,Male,Indonesia,brustmandr@webeden.co.uk,3 Schmedeman Court
Ainslee,Kernan,7/21/1994,Female,France,akernands@altervista.org,342 Atwood Center
Ebeneser,Renad,10/11/2017,Male,Central African Republic,erenaddt@skyrock.com,75847 Hintze Court
Stefano,Imesen,11/26/1940,Male,Iran,simesendu@reference.com,79 Sage Drive
Caroline,Paireman,8/11/1978,Female,Pakistan,cpairemandv@adobe.com,83537 Lindbergh Park
Alf,Basilio,11/15/1957,Male,Japan,abasiliodw@cbsnews.com,5 Michigan Alley
Rayshell,Roubeix,3/30/1973,Female,Philippines,rroubeixdx@umn.edu,95163 Helena Street
Briano,Dacre,2/10/1984,Male,Brazil,bdacredy@abc.net.au,02 Transport Hill
Karie,Quinane,4/28/1995,Female,China,kquinanedz@businessinsider.com,661 Sycamore Lane
Kimberly,Hanbidge,5/25/2003,Female,Ukraine,khanbidgee0@huffingtonpost.com,9 Longview Court
Ermina,Belsey,5/25/1977,Female,Estonia,ebelseye1@bravesites.com,8 Hoepker Lane
Gabriellia,Guiduzzi,12/1/1975,Female,Ecuador,gguiduzzie2@technorati.com,52750 Maple Wood Avenue
Brandice,Tuttiett,9/16/2003,Female,Portugal,btuttiette3@tinyurl.com,9066 Cody Place
Gladys,Haslin,3/5/1925,Female,United States,ghasline4@mapy.cz,3947 Blaine Parkway
Dinnie,Lefwich,4/6/1939,Female,Indonesia,dlefwiche5@omniture.com,5 Knutson Trail
Mara,Smead,2/18/1967,Female,Ivory Coast,msmeade6@123-reg.co.uk,4 Hermina Crossing
Clemente,Piesing,5/10/1983,Male,United States,cpiesinge7@xrea.com,8 Green Ridge Drive
Rodina,Evered,12/24/1954,Female,China,reverede8@cam.ac.uk,87089 Warbler Point
Obed,Prinett,11/6/2016,Male,China,oprinette9@php.net,425 Maryland Crossing
Antony,Whieldon,6/22/1960,Male,Portugal,awhieldonea@sun.com,5 Barby Junction
Shandy,Stagg,5/19/1936,Female,New Zealand,sstaggeb@taobao.com,9633 Green Center
Sayer,Kiessel,1/10/2014,Male,Yemen,skiesselec@histats.com,4862 Fremont Center
Pinchas,Watkinson,7/6/1959,Male,Japan,pwatkinsoned@usa.gov,58775 Hooker Drive
Roseline,Cokely,6/10/1960,Female,Colombia,rcokelyee@pbs.org,89 Hazelcrest Terrace
Allegra,Spohr,2/28/1934,Female,Armenia,aspohref@dell.com,8045 Portage Point
Leland,Wharf,10/21/1948,Male,France,lwharfeg@de.vu,80 Cherokee Drive
Zach,Duns,3/11/1989,Male,Colombia,zdunseh@clickbank.net,73961 Forest Crossing
Colline,Sharman,7/17/2008,Female,United States,csharmanei@goo.ne.jp,65 Lake View Way
Merola,Bloggett,5/19/1928,Female,Indonesia,mbloggettej@facebook.com,766 Summit Drive
Trace,Scudamore,10/31/1949,Male,Mexico,tscudamoreek@sourceforge.net,8 Bluestem Parkway
Yehudi,Bramsen,2/19/2016,Male,Macedonia,ybramsenel@google.com,107 Mcguire Avenue
Shaylynn,Ivic,9/3/1956,Female,Portugal,sivicem@imageshack.us,4519 Mallard Street
Emeline,Alflat,3/11/1948,Female,Mayotte,ealflaten@sciencedaily.com,6197 Marquette Plaza
Celinka,Ethelston,3/20/1964,Female,Croatia,cethelstoneo@virginia.edu,63966 Pierstorff Street
Lianne,Stirzaker,8/13/1989,Female,Colombia,lstirzakerep@gmpg.org,896 Talmadge Hill
Maxie,Getley,10/21/1960,Male,Macedonia,mgetleyeq@usatoday.com,5 Beilfuss Trail
Ardelle,Giral,10/2/1980,Female,Sweden,agiraler@house.gov,66726 Lakeland Street
Abramo,Cockson,2/26/2000,Male,Russia,acocksones@typepad.com,30 Ilene Street
Ronda,Windsor,1/3/2004,Female,China,rwindsoret@mozilla.org,34 Eastlawn Street
Elsworth,Crosswaite,7/12/1956,Male,Croatia,ecrosswaiteeu@acquirethisname.com,4 Roth Point
Towny,Sawyers,4/11/1944,Male,Russia,tsawyersev@pen.io,0727 Moland Center
Dylan,Piggen,8/14/1975,Male,Dominican Republic,dpiggenew@engadget.com,6402 Blaine Hill
Zandra,Duckham,11/17/2007,Female,Czech Republic,zduckhamex@slashdot.org,45 Packers Lane
Daisie,Dailey,1/17/1966,Female,Russia,ddaileyey@google.es,1 Gerald Junction
Giana,Verring,12/6/1997,Female,China,gverringez@soundcloud.com,8 Independence Plaza
Vivia,Ivory,4/8/2012,Female,South Africa,vivoryf0@behance.net,589 Huxley Trail
Melisande,Crebott,5/13/2002,Female,Poland,mcrebottf1@wp.com,93 Main Court
Merrel,Keyden,9/20/1953,Male,Indonesia,mkeydenf2@wunderground.com,7 Sunbrook Trail
Skylar,Doutch,2/21/1983,Male,China,sdoutchf3@blogspot.com,79480 Gerald Avenue
Merissa,Shuard,2/14/1934,Female,Indonesia,mshuardf4@jugem.jp,89803 Transport Plaza
Dulciana,Sneller,3/3/1994,Female,Ukraine,dsnellerf5@phoca.cz,01 Cherokee Court
Rodney,Doone,6/29/2002,Male,Canada,rdoonef6@google.com.hk,67979 Lakeland Alley
Brant,Scampion,9/9/1978,Male,Russia,bscampionf7@twitter.com,00339 Miller Lane
Jean,Billyard,6/28/1947,Male,Indonesia,jbillyardf8@wunderground.com,1938 Fairfield Parkway
Polly,Korfmann,11/6/1935,Female,Peru,pkorfmannf9@unc.edu,1947 Ohio Lane
Rose,Vanyukov,12/20/1963,Female,Indonesia,rvanyukovfa@time.com,1 4th Hill
Haley,Chittie,6/30/2000,Female,China,hchittiefb@youku.com,374 Transport Way
Tades,Reedyhough,6/16/1992,Male,United States,treedyhoughfc@meetup.com,4 Armistice Street
Florida,Ellsbury,11/6/1960,Female,Portugal,fellsburyfd@yellowbook.com,74 Judy Point
Des,Glasbey,7/23/1957,Male,Brazil,dglasbeyfe@webeden.co.uk,9645 Sachs Pass
Nathanil,Sipson,12/9/1963,Male,United Kingdom,nsipsonff@shinystat.com,6015 Spaight Trail
Ari,Bulfield,4/18/1944,Male,Spain,abulfieldfg@boston.com,5 Waubesa Alley
Nicoli,Alway,4/8/1986,Female,Philippines,nalwayfh@jugem.jp,52 Rutledge Trail
Frasco,Nightingale,10/31/1929,Male,Kyrgyzstan,fnightingalefi@ucsd.edu,041 Mallory Circle
Rene,Tyler,9/2/1982,Male,France,rtylerfj@blinklist.com,62284 Tennessee Parkway
Winna,Butland,12/24/2009,Female,Sweden,wbutlandfk@1und1.de,4176 Gateway Court
Gunner,Grossier,9/11/1957,Male,Poland,ggrossierfl@istockphoto.com,0821 Straubel Center
Marijo,Mulder,5/27/1999,Female,China,mmulderfm@csmonitor.com,59 Heath Circle
Othello,Malham,10/15/1996,Male,Morocco,omalhamfn@github.io,8850 Anthes Park
Fina,Hamson,5/14/2017,Female,Macedonia,fhamsonfo@tamu.edu,25 Starling Hill
Burton,De Biaggi,8/10/1978,Male,Indonesia,bdebiaggifp@shutterfly.com,3617 American Terrace
Nola,Maine,1/2/1929,Female,Thailand,nmainefq@theguardian.com,6398 Transport Street
Cam,Manicomb,10/25/2004,Male,China,cmanicombfr@amazonaws.com,78694 Sundown Road
Con,Posnett,12/5/2004,Male,Tanzania,cposnettfs@edublogs.org,847 Spenser Street
Evonne,Rathmell,5/14/1989,Female,Finland,erathmellft@yahoo.co.jp,75 Brickson Park Road
Jedd,Piddletown,4/3/1929,Male,Japan,jpiddletownfu@admin.ch,96 Wayridge Junction
Wheeler,Chaplyn,8/12/1989,Male,Indonesia,wchaplynfv@sitemeter.com,4 Schmedeman Hill
Gloriana,Nassy,3/28/1940,Female,Brazil,gnassyfw@smugmug.com,72 Reindahl Alley
Daron,Danett,12/20/2016,Male,China,ddanettfx@usatoday.com,9 Hanson Crossing
Neddy,Purviss,4/17/1951,Male,Saint Lucia,npurvissfy@twitpic.com,49090 Basil Parkway
Valle,McLelland,7/21/1924,Male,China,vmclellandfz@utexas.edu,27969 Katie Plaza
Dun,Tomkowicz,5/13/1940,Male,Belarus,dtomkowiczg0@macromedia.com,712 Clyde Gallagher Plaza
Hobey,Morena,8/9/1967,Male,Poland,hmorenag1@ycombinator.com,32343 Knutson Crossing
Stefania,Pedder,8/20/1981,Female,Nigeria,spedderg2@admin.ch,4119 Derek Alley
Ferdy,Beavers,3/5/2014,Male,Portugal,fbeaversg3@csmonitor.com,26089 Fisk Lane
Morgan,O'Sculley,7/26/1960,Male,Belarus,mosculleyg4@time.com,76 Bayside Hill
Dinny,Petriello,2/15/1933,Female,China,dpetriellog5@loc.gov,33 Duke Park
Inez,Ziehm,8/6/1991,Female,France,iziehmg6@salon.com,478 Bultman Lane
Urban,McNeil,11/15/2002,Male,China,umcneilg7@ucsd.edu,5 Center Junction
Hobey,Farnill,8/2/1937,Male,Philippines,hfarnillg8@jugem.jp,3484 Clyde Gallagher Alley
Raymund,Huard,9/12/1970,Male,China,rhuardg9@ucoz.com,3060 Hoepker Parkway
Peder,Pittle,11/3/1982,Male,Peru,ppittlega@gnu.org,539 Gerald Plaza
Arie,Byfford,12/14/2004,Male,Russia,abyffordgb@cisco.com,96 South Pass
Matthieu,Element,9/12/1963,Male,Czech Republic,melementgc@de.vu,78070 Sunnyside Alley
Reagen,Berens,1/25/2004,Male,Indonesia,rberensgd@behance.net,3186 Schiller Plaza
Rowland,Cheeseman,3/12/1971,Male,United States,rcheesemange@tiny.cc,7997 Sherman Trail
Winifield,Bortolini,12/8/1985,Male,Venezuela,wbortolinigf@soundcloud.com,37 Calypso Avenue
Craggy,Galsworthy,9/4/1973,Male,Philippines,cgalsworthygg@weibo.com,0509 Clove Lane
Augusta,Glanister,3/11/1982,Female,Czech Republic,aglanistergh@sciencedirect.com,6 Mandrake Street
Costanza,Stuther,9/1/1977,Female,France,cstuthergi@ning.com,484 Laurel Parkway
Gibby,McKendry,9/29/2016,Male,Peru,gmckendrygj@nature.com,2654 Carberry Point
Reider,Lemanu,1/2/1956,Male,Argentina,rlemanugk@webmd.com,27883 Crest Line Circle
Jodie,Tithecote,4/25/1955,Female,Slovenia,jtithecotegl@rediff.com,81107 Hanover Parkway
Elisabeth,Miskimmon,12/27/1954,Female,Greece,emiskimmongm@biglobe.ne.jp,67188 Clemons Court
Lilyan,Gibbie,7/3/2009,Female,Portugal,lgibbiegn@youtu.be,07 Atwood Parkway
Jennette,Gilmour,6/7/1965,Female,China,jgilmourgo@mac.com,293 Oriole Street
Denis,Forder,4/13/1932,Male,Uzbekistan,dfordergp@webeden.co.uk,51 Clyde Gallagher Trail
Jeniffer,Klaesson,10/13/2013,Female,Ireland,jklaessongq@businesswire.com,3 Butternut Center
Ahmad,Kilgour,2/10/2008,Male,Iran,akilgourgr@nytimes.com,82 Shopko Avenue
Sharon,Tal,9/1/2001,Female,China,stalgs@dailymotion.com,79 Troy Alley
Emmett,Spriddle,8/28/1964,Male,Philippines,espriddlegt@fc2.com,2 Susan Circle
Renaldo,Feige,7/24/1929,Male,Poland,rfeigegu@icq.com,26155 Hoard Hill
Perri,Germann,7/15/2014,Female,Sweden,pgermanngv@google.nl,1663 Kinsman Avenue
Dud,Smorthwaite,1/20/2014,Male,Malaysia,dsmorthwaitegw@redcross.org,4 Ridgeway Center
Iggy,Manna,1/13/2005,Male,Honduras,imannagx@yolasite.com,120 Jenifer Place
Torin,Duchesne,5/7/1966,Male,China,tduchesnegy@feedburner.com,1 Maywood Alley
Skipp,Hubner,6/30/1972,Male,Portugal,shubnergz@chicagotribune.com,428 Utah Avenue
Jaclyn,Hendrick,5/12/1998,Female,China,jhendrickh0@tamu.edu,37621 Pierstorff Drive
Auroora,Ellesworth,1/30/1974,Female,Vietnam,aellesworthh1@opensource.org,876 Sugar Court
Cazzie,Cornforth,8/21/1958,Male,Portugal,ccornforthh2@harvard.edu,52 Lyons Road
Niles,Gateland,2/1/1944,Male,China,ngatelandh3@ustream.tv,7 Commercial Street
Zilvia,Redmond,11/10/1975,Female,Latvia,zredmondh4@hexun.com,588 Sachtjen Plaza
Elfrida,Zarfai,5/22/1972,Female,Sri Lanka,ezarfaih5@msu.edu,8790 Fairfield Drive
Tally,Standish,2/18/2010,Female,Philippines,tstandishh6@cnet.com,92 Rigney Way
Krystal,Sergeaunt,8/24/2010,Female,Russia,ksergeaunth7@redcross.org,555 Northfield Parkway
Carlynne,Gyer,8/12/1986,Female,Indonesia,cgyerh8@wikimedia.org,5 Hovde Junction
Fey,Stiggles,8/25/2001,Female,China,fstigglesh9@studiopress.com,07033 Grayhawk Crossing
Lurline,Lathan,10/23/1963,Female,Sweden,llathanha@myspace.com,1 Spohn Alley
Phoebe,Hannay,6/30/1999,Female,Indonesia,phannayhb@harvard.edu,13550 Rutledge Alley
Olympie,Gainseford,12/11/1980,Female,Peru,ogainsefordhc@uol.com.br,74 Carioca Street
Lanita,Langeley,1/6/1988,Female,Sweden,llangeleyhd@apache.org,4155 Cardinal Park
Annabel,Murra,3/2/1922,Female,China,amurrahe@t.co,4332 Sage Street
Lazarus,Pietrzyk,4/12/1920,Male,South Africa,lpietrzykhf@ebay.co.uk,93 Dawn Road
Bevon,Thiolier,1/29/1950,Male,Mexico,bthiolierhg@noaa.gov,82 Nova Way
Keith,Rawlence,12/11/1968,Male,Portugal,krawlencehh@about.me,74585 Anniversary Place
Natassia,Gasparro,8/4/1977,Female,Japan,ngasparrohi@abc.net.au,93298 Towne Trail
Aluin,Lumsdall,3/13/1989,Male,Palestinian Territory,alumsdallhj@delicious.com,6672 Valley Edge Terrace
Eduino,Gouth,7/1/1936,Male,Venezuela,egouthhk@simplemachines.org,713 Scofield Way
Ab,Sertin,1/25/1931,Male,Portugal,asertinhl@tamu.edu,1770 Kings Parkway
Chauncey,Bradnum,11/7/1958,Male,Finland,cbradnumhm@com.com,92 Lighthouse Bay Alley
Adey,Sawtell,6/24/1923,Female,Syria,asawtellhn@opera.com,616 Summerview Way
Gussie,Errichi,2/27/1944,Female,Albania,gerrichiho@msu.edu,17 Valley Edge Street
Davey,Statersfield,9/1/2004,Male,China,dstatersfieldhp@multiply.com,658 Glendale Circle
Roddy,Haliburn,6/18/2001,Male,Indonesia,rhaliburnhq@techcrunch.com,48137 Lyons Hill
Nikolai,McPhillips,7/8/1957,Male,Philippines,nmcphillipshr@taobao.com,19797 Eliot Avenue
Ernestus,Mildenhall,1/15/1979,Male,China,emildenhallhs@blogger.com,3817 Oxford Street
Crystie,Cazalet,3/14/1981,Female,Czech Republic,ccazaletht@rediff.com,9 Fallview Terrace
Conney,Earsman,10/18/2006,Male,Russia,cearsmanhu@pinterest.com,74014 Old Gate Lane
Sibel,Randal,9/26/2006,Female,Russia,srandalhv@senate.gov,5017 Ohio Circle
Tonya,Cotherill,6/9/2008,Female,Colombia,tcotherillhw@netscape.com,909 Bay Junction
Silvana,Moretto,3/14/1985,Female,China,smorettohx@scientificamerican.com,1312 Dennis Plaza
Alaster,Chandler,4/10/1999,Male,Hungary,achandlerhy@hao123.com,61 Dapin Avenue
Bernelle,Rude,1/8/1960,Female,Pakistan,brudehz@desdev.cn,8 Darwin Street
Ric,Bonevant,1/17/2015,Male,Philippines,rbonevanti0@tuttocitta.it,88748 Truax Alley
Calida,Bowdrey,3/28/1971,Female,China,cbowdreyi1@va.gov,23646 John Wall Hill
Martyn,Veneur,9/14/1988,Male,Czech Republic,mveneuri2@blogtalkradio.com,3 Farragut Road
Quinn,Ternott,5/10/1921,Female,Philippines,qternotti3@boston.com,1 Hintze Road
Andrea,Genn,12/14/1935,Male,China,agenni4@privacy.gov.au,4968 Stoughton Road
Roobbie,Lundberg,3/9/1945,Female,Philippines,rlundbergi5@ask.com,00 Bluestem Junction
Felicity,Doudny,4/2/1988,Female,Norway,fdoudnyi6@ustream.tv,12582 Judy Plaza
Frasier,Hawson,5/22/1932,Male,Russia,fhawsoni7@ihg.com,2748 Milwaukee Plaza
Norton,Odom,11/14/2003,Male,China,nodomi8@goo.ne.jp,33 Shopko Street
Jordain,Clyant,2/4/1924,Female,Peru,jclyanti9@miibeian.gov.cn,27 Laurel Court
Si,McLaren,12/28/1963,Male,Czech Republic,smclarenia@nydailynews.com,5 Namekagon Alley
Bartholomew,Lambal,7/9/2011,Male,China,blambalib@ihg.com,3974 Commercial Way
Gordie,Lenox,1/9/2006,Male,Kosovo,glenoxic@alibaba.com,08876 Hanson Avenue
Darcy,Latty,11/8/1987,Male,Philippines,dlattyid@tmall.com,5 Fieldstone Alley
Filmer,Gozard,9/13/1963,Male,Georgia,fgozardie@wisc.edu,2 Orin Park
Rab,Tiller,3/3/1944,Male,Syria,rtillerif@scientificamerican.com,0 Fair Oaks Drive
Brianne,Drew-Clifton,2/27/1979,Female,China,bdrewcliftonig@wikimedia.org,62 Garrison Trail
Cos,Jirusek,10/14/1963,Male,Philippines,cjirusekih@sina.com.cn,0 Duke Point
Cari,Curryer,2/4/1948,Female,Estonia,ccurryerii@nymag.com,61 Lake View Parkway
Pierrette,Gant,1/29/1969,Female,China,pgantij@auda.org.au,26405 Lakeland Way
Gordon,Denver,5/4/1965,Male,Russia,gdenverik@wordpress.org,9 Bluejay Circle
Lyndsey,Skillington,3/7/2013,Female,China,lskillingtonil@blogtalkradio.com,49168 Farmco Way
Karlan,Vedeshkin,6/19/1996,Male,China,kvedeshkinim@ucoz.com,40 Clyde Gallagher Junction
Reagan,Peddar,4/2/2014,Male,China,rpeddarin@google.de,23269 Bay Terrace
Kinnie,Chesshire,5/1/1964,Male,China,kchesshireio@nhs.uk,48 Randy Center
Shea,Luetkemeyers,1/30/1987,Male,Cuba,sluetkemeyersip@cargocollective.com,7659 Upham Road
Iorgos,Kahen,12/31/1922,Male,China,ikaheniq@typepad.com,97605 Wayridge Alley
Diann,Egentan,2/16/1944,Female,Venezuela,degentanir@addthis.com,53 Morningstar Way
Georgine,Thomtson,6/3/1929,Female,United States,gthomtsonis@howstuffworks.com,82407 Barby Lane
Raymund,Zamorrano,5/23/1972,Male,Indonesia,rzamorranoit@goo.ne.jp,4403 Dexter Place
Aurthur,Celloni,6/13/1947,Male,Indonesia,acelloniiu@skyrock.com,40 Maywood Plaza
Daryle,Giottini,12/15/1942,Male,Finland,dgiottiniiv@tmall.com,559 Laurel Street
Coleman,Worsam,9/2/1972,Male,Sweden,cworsamiw@pagesperso-orange.fr,96 Holmberg Avenue
Jillana,Curthoys,1/19/1952,Female,Slovenia,jcurthoysix@smugmug.com,661 Rusk Road
Glynn,Broe,9/17/1989,Male,Japan,gbroeiy@uol.com.br,1 Brickson Park Hill
Marion,Tatlowe,6/28/1991,Female,Serbia,mtatloweiz@google.co.jp,675 Aberg Center
Vail,Fearnside,12/21/1936,Male,Japan,vfearnsidej0@toplist.cz,8 Loftsgordon Way
Dominga,MacCaughen,5/28/1984,Female,Russia,dmaccaughenj1@opera.com,3 Oak Valley Pass
Alec,Rubin,1/22/1942,Male,Sweden,arubinj2@nydailynews.com,41505 Bowman Hill
Roldan,Mellenby,5/5/1973,Male,Syria,rmellenbyj3@prnewswire.com,1 Welch Trail
Kory,Mayall,8/1/1940,Male,Russia,kmayallj4@google.com.br,541 Anderson Trail
Boony,Becarra,1/2/2009,Male,China,bbecarraj5@discuz.net,428 Mesta Way
Ossie,Gorthy,2/25/1941,Male,China,ogorthyj6@flickr.com,8 Toban Plaza
Mozelle,Lunck,9/16/1997,Female,China,mlunckj7@mtv.com,880 Nova Trail
Codie,Humburton,8/2/1946,Male,Brazil,chumburtonj8@oakley.com,9 Hoepker Crossing
Mick,Mulleary,6/22/1999,Male,Indonesia,mmullearyj9@technorati.com,94112 Gina Junction
James,Tighe,11/15/1979,Male,Uruguay,jtigheja@mapy.cz,3 Carioca Alley
Benoite,Kolinsky,4/5/1920,Female,Portugal,bkolinskyjb@state.tx.us,425 Wayridge Park
Marianne,Rosellini,2/8/1977,Female,Mongolia,mrosellinijc@paginegialle.it,0760 Cody Center
Chrisse,Parmeter,2/7/1963,Male,Brazil,cparmeterjd@yellowpages.com,3333 Messerschmidt Way
Ari,Blyde,4/20/1965,Male,China,ablydeje@ucla.edu,048 Surrey Junction
Tadd,Hassewell,7/25/1932,Male,Cambodia,thassewelljf@i2i.jp,68 Mandrake Circle
Farrell,Sheddan,6/14/1951,Male,Honduras,fsheddanjg@gizmodo.com,61398 Stoughton Point
Waverly,Jeffray,11/26/2008,Male,Cameroon,wjeffrayjh@is.gd,60952 Caliangt Drive
Blaire,McBrearty,12/1/2014,Female,Malawi,bmcbreartyji@google.de,6 Declaration Junction
Etheline,Chrichton,10/18/2003,Female,Brazil,echrichtonjj@irs.gov,21 Melody Way
Monah,Bloxsome,2/16/1923,Female,New Zealand,mbloxsomejk@usnews.com,2506 Charing Cross Parkway
Rawley,Daniele,7/7/1983,Male,China,rdanielejl@slideshare.net,94297 Lakeland Terrace
Bailie,Klagge,5/31/1923,Male,Poland,bklaggejm@studiopress.com,5417 Columbus Parkway
Dalston,Kearey,6/5/1993,Male,Portugal,dkeareyjn@vkontakte.ru,7 Dottie Place
Catherin,Karlowicz,1/15/1933,Female,United States,ckarlowiczjo@google.co.jp,1530 Ludington Lane
Roxie,Claisse,8/4/1995,Female,Brazil,rclaissejp@stumbleupon.com,52396 Homewood Street
Gawain,Slowan,12/24/1970,Male,Russia,gslowanjq@scientificamerican.com,84965 Randy Plaza
Skippy,Bolwell,3/6/1958,Male,United States,sbolwelljr@ning.com,862 Everett Hill
Oneida,Gauler,12/22/1979,Female,China,ogaulerjs@ucoz.com,865 Vermont Park
Riobard,Chippindall,3/3/1984,Male,Armenia,rchippindalljt@youtu.be,9 Fuller Alley
Marni,Harses,8/30/1971,Female,Myanmar,mharsesju@tamu.edu,88150 Crest Line Road
Bellanca,Mollison,4/9/2005,Female,Sweden,bmollisonjv@imgur.com,2223 Hoepker Terrace
Saleem,Hassard,6/24/2011,Male,China,shassardjw@desdev.cn,625 Ridgeview Avenue
Andrew,Heinle,6/22/2004,Male,Serbia,aheinlejx@list-manage.com,69619 Ilene Drive
Concettina,Warlton,7/12/1947,Female,China,cwarltonjy@bloomberg.com,4585 Jana Center
Ilyse,Prime,11/1/1986,Female,Netherlands,iprimejz@behance.net,4 Ridgeway Parkway
Bent,Imm,9/26/1991,Male,Estonia,bimmk0@cornell.edu,689 Tomscot Plaza
Bernarr,Mickelwright,11/10/1932,Male,China,bmickelwrightk1@hatena.ne.jp,4 Iowa Circle
Kerwinn,Thomassen,12/31/1983,Male,Sweden,kthomassenk2@1688.com,78 Oak Lane
Shawna,Glassard,7/26/2002,Female,Ecuador,sglassardk3@yellowbook.com,41 Forest Run Terrace
Gaven,Maryska,1/10/1946,Male,Canada,gmaryskak4@howstuffworks.com,80 Larry Road
Iolanthe,Gommowe,10/2/1980,Female,Portugal,igommowek5@phpbb.com,2 Dovetail Plaza
Bert,Letch,11/9/1998,Female,Philippines,bletchk6@cbsnews.com,727 Nobel Pass
Berri,Harcombe,4/20/1954,Female,China,bharcombek7@webs.com,41 Havey Court
Hattie,Beckingham,6/16/1942,Female,Russia,hbeckinghamk8@t-online.de,85995 Esch Street
Gabie,Speek,7/1/1978,Female,Indonesia,gspeekk9@who.int,54 David Road
Joel,Zarfai,12/31/1977,Male,Indonesia,jzarfaika@google.co.uk,62055 David Parkway
Izaak,Molan,5/24/1998,Male,Turkmenistan,imolankb@nymag.com,141 Fremont Point
Rina,Suttie,5/13/1975,Female,Guatemala,rsuttiekc@about.me,0537 Spenser Way
Seymour,Atkins,11/25/1997,Male,China,satkinskd@chicagotribune.com,2 Burning Wood Plaza
Griff,Pengelley,10/14/1925,Male,Madagascar,gpengelleyke@va.gov,45589 Laurel Point
Paolina,Tremblet,4/17/2013,Female,Estonia,ptrembletkf@vkontakte.ru,28665 Bluestem Drive
Duke,Collabine,7/3/1994,Male,Indonesia,dcollabinekg@gravatar.com,77 Holy Cross Place
Nolly,Eldershaw,3/27/1981,Male,Japan,neldershawkh@devhub.com,9112 Hermina Alley
Ches,Duckit,7/19/1988,Male,New Zealand,cduckitki@sina.com.cn,60 Chinook Trail
Sybyl,Gaspard,7/5/1990,Female,Indonesia,sgaspardkj@ow.ly,6664 Mockingbird Junction
Ainslee,Caron,8/23/1982,Female,China,acaronkk@irs.gov,17 Almo Avenue
Junette,Patis,8/16/1968,Female,Armenia,jpatiskl@elegantthemes.com,15317 Maple Wood Hill
Ker,Copson,6/14/2016,Male,China,kcopsonkm@who.int,7440 Delladonna Way
Gib,Donovan,9/19/1976,Male,Indonesia,gdonovankn@thetimes.co.uk,8757 Pine View Point
Joeann,Wiltshier,6/7/2019,Female,Indonesia,jwiltshierko@networksolutions.com,3345 Oak Pass
Luca,Stacey,9/20/2001,Male,Kazakhstan,lstaceykp@dmoz.org,579 Westport Hill
Jeremias,Ioselevich,10/27/1967,Male,China,jioselevichkq@naver.com,157 Bayside Avenue
Twila,Runnicles,11/7/1993,Female,Indonesia,trunnicleskr@businessinsider.com,9 Bobwhite Park
Hansiain,Boxer,12/24/1940,Male,Honduras,hboxerks@amazon.de,69663 Merry Drive
Luz,Bisley,10/11/1964,Female,Cuba,lbisleykt@smugmug.com,45 Scoville Street
Winifred,Siggers,2/28/1995,Female,China,wsiggersku@foxnews.com,7 Del Sol Pass
Patience,Filipyev,3/15/2003,Female,Philippines,pfilipyevkv@phoca.cz,6 Cherokee Hill
Ogdon,Martell,8/26/1942,Male,Czech Republic,omartellkw@surveymonkey.com,51159 Stephen Court
Clay,Dransfield,7/7/2004,Male,Sweden,cdransfieldkx@yahoo.co.jp,432 Killdeer Street
Guinna,Brittoner,5/20/1939,Female,Sweden,gbrittonerky@whitehouse.gov,69 Rutledge Junction
Chickie,Pohlke,3/21/1922,Male,China,cpohlkekz@privacy.gov.au,8 Melvin Hill
Janeen,Tabner,12/20/1924,Female,"Bonaire, Saint Eustatius and Saba ",jtabnerl0@columbia.edu,15176 Porter Junction
Sauncho,Dunkerley,3/22/1991,Male,Poland,sdunkerleyl1@time.com,47022 Cordelia Center
Darryl,McCarlich,9/22/1977,Male,Palestinian Territory,dmccarlichl2@topsy.com,4 Bashford Avenue
Averell,Lawlance,3/2/1986,Male,China,alawlancel3@dmoz.org,1685 Delladonna Street
Myrna,Wylie,1/1/1943,Female,Mexico,mwyliel4@redcross.org,053 Carioca Lane
Zedekiah,Lavington,4/17/2011,Male,Ethiopia,zlavingtonl5@princeton.edu,8837 Dayton Center
Umeko,Lindop,4/16/1927,Female,China,ulindopl6@blog.com,70 Lyons Parkway
Domenic,McMichan,9/2/1931,Male,China,dmcmichanl7@fotki.com,2 Magdeline Circle
Evvie,Brewin,10/11/1969,Female,Nigeria,ebrewinl8@quantcast.com,8894 Emmet Road
Katusha,Tratton,8/20/1955,Female,Croatia,ktrattonl9@globo.com,3 Hooker Avenue
Roseanna,Jaeggi,5/7/1973,Female,Russia,rjaeggila@washingtonpost.com,2 Buena Vista Place
Andrus,Gyorffy,4/28/1958,Male,United States,agyorffylb@wisc.edu,4628 Gateway Junction
Ana,Doody,11/26/2004,Female,United States,adoodylc@posterous.com,15 Westridge Hill
Tito,Kaes,12/26/1991,Male,China,tkaesld@indiegogo.com,1638 Packers Court
Shanon,Menham,9/5/2010,Female,United States,smenhamle@cisco.com,56556 Almo Way
Patricia,Greenhouse,1/1/1942,Female,Democratic Republic of the Congo,pgreenhouself@weebly.com,5 Dottie Trail
Lonnie,Bunhill,12/1/1950,Female,Mongolia,lbunhilllg@webeden.co.uk,7959 Buena Vista Parkway
Hugues,Cassedy,5/30/1932,Male,Czech Republic,hcassedylh@msn.com,0863 Sugar Road
Dexter,McSporon,10/20/1947,Male,Indonesia,dmcsporonli@myspace.com,709 Artisan Point
Emlen,Whicher,10/26/1978,Male,Brazil,ewhicherlj@google.com,609 Anderson Parkway
Pacorro,Briance,9/27/1993,Male,Australia,pbriancelk@sohu.com,18381 Spohn Terrace
Hymie,Hubach,3/17/1931,Male,Indonesia,hhubachll@sciencedirect.com,21 Elmside Junction
Cathe,Poundsford,1/2/1934,Female,Sweden,cpoundsfordlm@ca.gov,4 Oriole Center
Gracie,De Cleyne,10/17/2005,Female,Indonesia,gdecleyneln@netscape.com,5 Lake View Alley
Ring,Cochrane,9/29/1986,Male,Philippines,rcochranelo@t-online.de,23533 Cody Hill
Allin,Pennings,7/30/1994,Male,Azerbaijan,apenningslp@irs.gov,1385 Larry Avenue
Eberhard,Suttling,5/21/2003,Male,Brazil,esuttlinglq@si.edu,72481 Algoma Park
Danny,Cullerne,9/10/1965,Male,Russia,dcullernelr@mayoclinic.com,88922 Schiller Alley
Kirby,Lumsden,3/3/2010,Female,Indonesia,klumsdenls@addtoany.com,931 Granby Street
Bliss,Brunning,3/21/1995,Female,China,bbrunninglt@tinypic.com,9 Prairie Rose Plaza
Putnam,Burditt,4/23/1923,Male,Portugal,pburdittlu@slate.com,92 Hagan Road
Callean,Lyles,10/19/1952,Male,Indonesia,clyleslv@mail.ru,39349 Lotheville Park
Shana,Betteson,11/5/1981,Female,Palau,sbettesonlw@acquirethisname.com,420 Heath Park
Malinde,Gobolos,8/27/2000,Female,Tajikistan,mgoboloslx@shinystat.com,28334 Sugar Way
Kip,Tidball,11/1/1972,Male,Sweden,ktidballly@go.com,5327 Kenwood Pass
Vance,Caddie,9/6/2018,Male,Philippines,vcaddielz@princeton.edu,757 Quincy Pass
Dallon,Linklater,10/15/2002,Male,China,dlinklaterm0@technorati.com,354 Marcy Lane
Cullin,Waiting,2/23/1942,Male,Portugal,cwaitingm1@fda.gov,38683 Mcguire Trail
Ive,Guerre,6/5/1951,Male,Portugal,iguerrem2@walmart.com,2 Declaration Center
Spense,Boot,6/30/1957,Male,South Korea,sbootm3@tmall.com,0 Sundown Lane
Sherline,Archell,1/16/2020,Female,China,sarchellm4@printfriendly.com,127 Bunting Drive
Cal,Howell,2/3/1924,Male,Indonesia,chowellm5@accuweather.com,49694 Southridge Pass
Myrwyn,Swansbury,6/13/1945,Male,Israel,mswansburym6@posterous.com,11 Fremont Crossing
Christiano,Leachman,5/25/1968,Male,Indonesia,cleachmanm7@tumblr.com,80339 Mandrake Crossing
Guillemette,Macy,8/13/1932,Female,Czech Republic,gmacym8@free.fr,68172 Heffernan Street
Perren,Wermerling,7/8/1994,Male,Pakistan,pwermerlingm9@ezinearticles.com,77 Anzinger Street
Roz,Doleman,4/29/2006,Female,China,rdolemanma@reuters.com,87470 Brown Park
Fairfax,Bailiss,12/1/2015,Male,France,fbailissmb@icio.us,6668 Loeprich Crossing
Anselm,Rendbaek,8/27/2018,Male,Reunion,arendbaekmc@msu.edu,6889 Fisk Junction
Anabella,Smee,1/8/1924,Female,China,asmeemd@walmart.com,84659 Doe Crossing Alley
Lu,Whimpenny,1/12/1938,Female,China,lwhimpennyme@liveinternet.ru,137 Maple Wood Crossing
Preston,Jellico,7/8/2015,Male,Brazil,pjellicomf@senate.gov,8 Westridge Park
Marilyn,Bedford,9/8/2018,Female,Slovenia,mbedfordmg@bigcartel.com,13972 Kropf Center
Tabbie,Kiddle,9/25/1950,Female,Czech Republic,tkiddlemh@cnet.com,5 Spohn Terrace
Keelia,Linner,1/9/1978,Female,Indonesia,klinnermi@google.pl,43265 Express Street
Diahann,Milroy,12/12/1929,Female,Brazil,dmilroymj@unc.edu,54 7th Court
Maury,Gildersleeve,5/21/1967,Male,Slovenia,mgildersleevemk@over-blog.com,54 Mendota Pass
Davita,Jagoe,1/20/1993,Female,France,djagoeml@wordpress.org,749 Northview Center
Tandy,Oleksiak,12/13/1981,Female,Philippines,toleksiakmm@slate.com,34 Killdeer Plaza
Gregorio,Salkeld,6/19/1921,Male,Poland,gsalkeldmn@who.int,180 Main Parkway
Fiona,Pietri,6/27/2011,Female,Brazil,fpietrimo@chronoengine.com,6791 Packers Way
Jarrod,Desesquelle,12/3/1925,Male,China,jdesesquellemp@washingtonpost.com,8626 Hooker Lane
Ginnie,Davenhill,4/16/1937,Female,China,gdavenhillmq@sina.com.cn,566 Grim Drive
Lizabeth,Kiln,1/29/1955,Female,Serbia,lkilnmr@edublogs.org,111 Farragut Center
Karry,Kells,2/5/1986,Female,Philippines,kkellsms@dmoz.org,827 Pepper Wood Hill
Gretal,Rist,8/31/1935,Female,Philippines,gristmt@pbs.org,10 Karstens Plaza
Mirella,Vallis,11/15/1962,Female,Tanzania,mvallismu@answers.com,41 Spenser Parkway
Hamel,Seamarke,1/10/1930,Male,Germany,hseamarkemv@imdb.com,55033 Bobwhite Park
Jean,Ganter,3/31/1930,Male,Peru,jgantermw@i2i.jp,3 Tomscot Lane
Andrej,Peery,12/2/2012,Male,China,apeerymx@jigsy.com,57045 Ilene Circle
Pris,Draycott,10/2/2007,Female,Peru,pdraycottmy@cbsnews.com,75 1st Circle
Giles,McGourty,6/11/1935,Male,Norway,gmcgourtymz@mozilla.org,1 Basil Plaza
Allyn,Le Brom,11/3/1992,Female,China,alebromn0@usda.gov,65206 Sachtjen Avenue
Leoline,Oloman,1/15/1931,Female,Indonesia,lolomann1@behance.net,4 6th Trail
Dolf,Mulford,11/26/1950,Male,China,dmulfordn2@sfgate.com,09 Garrison Way
Cornela,Jorg,10/8/2016,Female,Poland,cjorgn3@accuweather.com,715 Clemons Terrace
Winfield,Birkwood,8/4/1976,Male,China,wbirkwoodn4@desdev.cn,0 Mayer Street
Frances,Flye,8/22/2012,Female,Italy,fflyen5@icio.us,50463 Buell Circle
Kaela,Copley,9/28/2015,Female,Mozambique,kcopleyn6@indiatimes.com,6 Cascade Trail
Reinhold,Rigate,1/6/1994,Male,Norway,rrigaten7@alibaba.com,37047 Kim Parkway
Colene,O'Hingerty,11/10/1969,Female,Nigeria,cohingertyn8@ft.com,39215 Schiller Alley
Erina,Tomkies,2/21/1934,Female,Mongolia,etomkiesn9@sitemeter.com,9 Annamark Road
Anitra,Baszkiewicz,9/1/2008,Female,Colombia,abaszkiewiczna@cisco.com,58 Golden Leaf Place
Alistair,Klambt,9/2/1979,Male,Mexico,aklambtnb@typepad.com,0007 Bonner Point
Pippa,Rablan,9/27/1923,Female,Venezuela,prablannc@51.la,71795 Clove Court
Ave,Podd,3/18/1984,Male,Nigeria,apoddnd@163.com,93 Columbus Avenue
Bartholemy,Remmers,11/4/2000,Male,Sweden,bremmersne@reuters.com,1769 Vermont Circle
Marnia,Killbey,1/25/1998,Female,Russia,mkillbeynf@ameblo.jp,63 Pepper Wood Alley
Berkley,Ledekker,7/13/1933,Male,Bangladesh,bledekkerng@ameblo.jp,255 Maryland Avenue
Nancey,Walkley,4/28/1940,Female,China,nwalkleynh@fema.gov,1 Homewood Center
Carol,Poinsett,3/31/1937,Female,China,cpoinsettni@tiny.cc,5 Center Parkway
Garland,Breeds,10/29/1965,Female,Croatia,gbreedsnj@163.com,47645 Butterfield Alley
Desiri,Middiff,5/2/2015,Female,Brazil,dmiddiffnk@jimdo.com,19 Rowland Parkway
Norry,Glencross,2/4/1944,Male,Kazakhstan,nglencrossnl@bbc.co.uk,6164 Continental Plaza
Hansiain,Blencowe,7/11/1926,Male,United States,hblencowenm@noaa.gov,89 Doe Crossing Circle
Louie,Aggott,10/27/1923,Male,Japan,laggottnn@imdb.com,4520 Rockefeller Plaza
Sigrid,Lotterington,9/29/1924,Female,Russia,slotteringtonno@theglobeandmail.com,5380 Cascade Drive
Layton,Ungerer,12/26/1953,Male,China,lungerernp@ebay.co.uk,990 Oriole Drive
Cherin,MacIllrick,3/25/1967,Female,Japan,cmacillricknq@msn.com,9613 Elmside Alley
Wald,Fyfield,9/29/1959,Male,Indonesia,wfyfieldnr@mozilla.org,8 Tennessee Alley
Maxie,Archbold,8/7/2012,Male,Poland,marchboldns@census.gov,92192 School Court
Waneta,Dallmann,9/17/1954,Female,China,wdallmannnt@over-blog.com,91283 Tennessee Road
Cedric,Ahmed,5/9/1947,Male,Portugal,cahmednu@g.co,1387 Crownhardt Court
Carmella,Addis,7/31/1983,Female,France,caddisnv@indiegogo.com,6 Buena Vista Road
Rosalinda,Banbrick,9/8/1939,Female,France,rbanbricknw@nps.gov,33746 Arapahoe Place
Waring,Nation,1/2/1936,Male,Iceland,wnationnx@storify.com,192 Bobwhite Road
Tamera,Berwick,1/15/1989,Female,Morocco,tberwickny@theatlantic.com,634 Springview Court
Constantine,Batts,1/15/1974,Female,South Africa,cbattsnz@zimbio.com,3693 Birchwood Terrace
Barton,Dikle,10/23/1947,Male,China,bdikleo0@biblegateway.com,01748 Bluejay Place
Benyamin,Rivallant,5/8/1965,Male,Austria,brivallanto1@imageshack.us,096 Anderson Plaza
Erie,Ipwell,5/12/1962,Male,Indonesia,eipwello2@eventbrite.com,9981 Old Shore Street
Cherilynn,McKyrrelly,6/9/2010,Female,Indonesia,cmckyrrellyo3@domainmarket.com,3 School Place
Edsel,Sugarman,12/24/1984,Male,Russia,esugarmano4@jugem.jp,070 Straubel Park
Brade,Torra,5/13/1968,Male,Venezuela,btorrao5@livejournal.com,0122 Namekagon Alley
Lisbeth,Mead,12/15/2017,Female,Portugal,lmeado6@nature.com,34629 Eastwood Way
Marleah,Garm,7/24/2016,Female,Mongolia,mgarmo7@newyorker.com,2 Oxford Court
Byrom,Harvey,6/15/1993,Male,China,bharveyo8@paginegialle.it,421 6th Lane
Frederico,Braid,4/12/2017,Male,China,fbraido9@delicious.com,4799 Sullivan Way
Rolland,Petigrew,9/7/1949,Male,Kosovo,rpetigrewoa@go.com,2 Main Court
Neill,Dufour,8/24/1945,Male,Mexico,ndufourob@aboutads.info,9594 Vera Hill
Liane,Haggar,8/9/1924,Female,Brazil,lhaggaroc@nih.gov,61257 Sachtjen Trail
Kalina,Peggrem,2/20/1929,Female,Sweden,kpeggremod@mediafire.com,877 Pleasure Place
Tandi,Bowhay,8/18/2002,Female,China,tbowhayoe@sbwire.com,2 Arizona Center
Isabelita,Cockroft,10/16/1946,Female,Canada,icockroftof@pbs.org,299 Dapin Road
Ileane,Till,6/4/1969,Female,Croatia,itillog@twitter.com,69 Messerschmidt Lane
Kerry,Lorriman,1/16/1983,Male,Philippines,klorrimanoh@ca.gov,6 Rutledge Junction
Karlyn,Soreau,1/11/1984,Female,Russia,ksoreauoi@home.pl,2822 Green Ridge Trail
Liam,Berntssen,1/2/2017,Male,Peru,lberntssenoj@cnbc.com,794 Springview Pass
Dallis,Dishmon,10/29/1923,Male,Philippines,ddishmonok@chicagotribune.com,69603 Namekagon Lane
Mame,Quarterman,2/10/1933,Female,France,mquartermanol@simplemachines.org,8435 Burning Wood Lane
Bord,Mees,5/10/1944,Male,Indonesia,bmeesom@4shared.com,8777 Stoughton Place
Freddy,Dighton,8/7/1996,Male,Dominican Republic,fdightonon@163.com,2 Crownhardt Road
Bryn,Instock,11/12/1979,Male,Colombia,binstockoo@ucla.edu,30 Valley Edge Terrace
Warden,Stienton,7/25/1975,Male,Romania,wstientonop@de.vu,6770 Northview Pass
Lyn,Tidbury,1/7/1976,Male,Finland,ltidburyoq@shutterfly.com,2770 High Crossing Trail
Ly,Lithcow,3/11/1991,Male,Indonesia,llithcowor@hostgator.com,22072 Commercial Alley
Margi,Rallin,8/23/2013,Female,China,mrallinos@mlb.com,25001 Coolidge Way
Bel,Tutsell,7/12/1974,Female,Indonesia,btutsellot@mayoclinic.com,41236 Shelley Lane
Avram,Crampsy,10/7/1982,Male,Tajikistan,acrampsyou@rakuten.co.jp,9 Cody Park
Tomasina,Haseldine,2/8/1967,Female,Indonesia,thaseldineov@nhs.uk,907 Oneill Trail
Prentice,Maudson,7/22/1951,Male,Philippines,pmaudsonow@admin.ch,57859 Rigney Drive
Ofilia,Kiffe,12/18/1954,Female,China,okiffeox@zdnet.com,323 Westport Center
Leonid,Brake,2/25/1977,Male,Philippines,lbrakeoy@furl.net,3523 Calypso Street
Tonnie,Noe,5/17/1970,Male,Greece,tnoeoz@arstechnica.com,60 Oriole Park
Stephan,Burburough,1/16/2019,Male,New Zealand,sburburoughp0@yellowbook.com,22 Ludington Junction
Erena,Daice,5/5/1932,Female,Canada,edaicep1@netvibes.com,2105 Heath Place
Isiahi,Readman,10/20/1958,Male,Philippines,ireadmanp2@apple.com,797 Heath Pass
Wynny,Lavalde,11/29/1939,Female,Argentina,wlavaldep3@blogspot.com,66 Mifflin Way
Vernen,De Gregoli,4/4/1955,Male,Russia,vdegregolip4@reddit.com,53 Vidon Parkway
Margie,Brandenburg,12/27/1993,Female,Japan,mbrandenburgp5@myspace.com,8963 Declaration Avenue
Lorry,Arney,2/11/1968,Male,North Korea,larneyp6@scientificamerican.com,7 Grayhawk Pass
Mel,Junkin,9/5/1958,Male,China,mjunkinp7@dell.com,3134 Grayhawk Court
Erik,Farr,1/29/1942,Male,France,efarrp8@cocolog-nifty.com,69 Valley Edge Street
Karin,Leglise,5/27/1928,Female,China,kleglisep9@ocn.ne.jp,27707 Mcbride Court
Wainwright,Lestrange,8/24/2015,Male,Indonesia,wlestrangepa@hc360.com,44 Mcguire Place
Gordy,Norman,1/20/1992,Male,Thailand,gnormanpb@biglobe.ne.jp,8000 Waywood Alley
Morlee,Terbrug,11/13/1993,Male,Philippines,mterbrugpc@nhs.uk,67 Troy Place
Tana,McLean,7/10/2013,Female,Serbia,tmcleanpd@360.cn,886 Scofield Drive
Olympie,Umpleby,1/31/1954,Female,Mexico,oumplebype@flickr.com,30 Harper Alley
Perri,Ghidoni,11/13/1925,Female,Slovakia,pghidonipf@yolasite.com,61676 Almo Avenue
Valery,Wardingley,7/15/1965,Female,Philippines,vwardingleypg@slideshare.net,82 Goodland Court
Jada,Hanington,9/20/2016,Female,Russia,jhaningtonph@narod.ru,4 Carpenter Hill
Michail,Pears,1/15/2008,Male,Russia,mpearspi@pen.io,905 Londonderry Trail
Eddy,Babe,6/10/1996,Male,China,ebabepj@paypal.com,750 Cody Way
Inglebert,Saltwell,11/4/1942,Male,Thailand,isaltwellpk@godaddy.com,22606 Roth Terrace
Royall,Cummine,9/21/1962,Male,Greece,rcumminepl@ucla.edu,69198 Lighthouse Bay Terrace
Pinchas,Shrigley,10/31/1989,Male,Portugal,pshrigleypm@ning.com,6337 Hanson Court
Edan,Harker,4/7/1937,Male,China,eharkerpn@nytimes.com,014 Bunting Terrace
Madelina,Pringley,9/9/1944,Female,Poland,mpringleypo@microsoft.com,415 Stang Court
Robinet,Jolin,2/26/1992,Female,Poland,rjolinpp@delicious.com,99 Doe Crossing Point
Scarlet,Lathy,4/13/1954,Female,China,slathypq@webmd.com,20432 Talmadge Lane
Corrinne,Fominov,4/16/1968,Female,Trinidad and Tobago,cfominovpr@xrea.com,91 Lillian Trail
Rosemaria,Robker,3/16/1947,Female,Ukraine,rrobkerps@photobucket.com,769 Lunder Circle
Flor,McFarlan,12/26/1979,Female,Sweden,fmcfarlanpt@arstechnica.com,648 Gale Point
Rosamund,Howford,12/3/2016,Female,China,rhowfordpu@tiny.cc,01558 Atwood Crossing
Mordecai,Meddick,6/24/1989,Male,China,mmeddickpv@gnu.org,79373 Monument Avenue
Tricia,Billings,1/1/1954,Female,Albania,tbillingspw@typepad.com,14394 Anniversary Court
Phineas,Longman,2/17/1953,Male,Philippines,plongmanpx@symantec.com,15814 Kropf Circle
Vincenz,Cranham,2/18/2010,Male,Argentina,vcranhampy@toplist.cz,4 Grasskamp Lane
Hershel,Ruggier,1/15/1949,Male,Poland,hruggierpz@typepad.com,85 Toban Lane
Edwin,Milazzo,6/20/1934,Male,New Zealand,emilazzoq0@apache.org,1527 Milwaukee Hill
Maighdiln,Balazin,1/17/1965,Female,China,mbalazinq1@umn.edu,6 Morrow Court
Beck,Bausmann,11/30/2003,Male,Ukraine,bbausmannq2@tumblr.com,50709 Dorton Center
Hill,Higford,6/27/1962,Male,Bolivia,hhigfordq3@timesonline.co.uk,154 Del Sol Drive
Pam,Sparkwill,8/4/1949,Female,Indonesia,psparkwillq4@typepad.com,217 Dakota Terrace
Antoni,Granham,2/17/1928,Male,Philippines,agranhamq5@bloglovin.com,99599 Sachs Way
Gunar,Fennick,11/20/1982,Male,Indonesia,gfennickq6@bbb.org,910 Westport Road
Garrot,Ugolini,5/12/1931,Male,China,gugoliniq7@usgs.gov,90543 Vernon Terrace
Linnea,Iliffe,2/16/1975,Female,Afghanistan,liliffeq8@biblegateway.com,494 Cascade Avenue
Barthel,Preston,12/30/1953,Male,Sweden,bprestonq9@myspace.com,39322 Nobel Pass
Jen,Deniscke,9/20/1963,Female,Indonesia,jdenisckeqa@google.ru,02 Del Sol Pass
Trip,Craythorn,5/4/1924,Male,Japan,tcraythornqb@dyndns.org,0143 Sachtjen Avenue
Davidson,Yvens,6/17/1955,Male,Honduras,dyvensqc@php.net,96 Susan Road
Amerigo,Connerly,2/22/2010,Male,China,aconnerlyqd@technorati.com,1 Hintze Way
Ximenes,Antonias,6/11/2007,Male,China,xantoniasqe@tinypic.com,552 Magdeline Crossing
Derrek,Vogeler,1/17/1998,Male,China,dvogelerqf@arizona.edu,8624 Hauk Road
Angelo,Bedberry,1/31/1953,Male,China,abedberryqg@typepad.com,0 Del Mar Pass
Waldon,Scarff,3/19/1959,Male,Indonesia,wscarffqh@yahoo.co.jp,966 Basil Pass
Pru,Maiklem,8/18/1935,Female,Falkland Islands,pmaiklemqi@businessweek.com,4618 Calypso Lane
Nettie,Havis,8/12/1991,Female,Canada,nhavisqj@boston.com,26945 Old Gate Park
Auberon,Glasson,12/20/1980,Male,China,aglassonqk@indiegogo.com,219 Stang Court
Waldo,Bacchus,4/15/1965,Male,Argentina,wbacchusql@washingtonpost.com,8 Eastwood Crossing
Leoline,Chalfain,6/16/1957,Female,China,lchalfainqm@prlog.org,4115 Mitchell Terrace
Nolana,Boggers,1/7/1928,Female,China,nboggersqn@umich.edu,206 Dakota Plaza
Reynolds,Coatman,6/4/1920,Male,Indonesia,rcoatmanqo@chicagotribune.com,4258 Schurz Way
Vilhelmina,Snowling,7/12/1962,Female,Indonesia,vsnowlingqp@mashable.com,6 Westend Circle
Marylinda,Joriot,7/18/1960,Female,Ukraine,mjoriotqq@thetimes.co.uk,0586 Linden Point
Noell,Lesor,5/25/2015,Female,China,nlesorqr@epa.gov,7 Mariners Cove Junction
Clement,Topliss,2/2/2018,Male,China,ctoplissqs@skyrock.com,0 Florence Pass
Kass,Roscoe,7/1/1983,Female,Ukraine,kroscoeqt@uol.com.br,0 Golf View Center
Ethe,Abels,12/21/1966,Male,Guinea,eabelsqu@plala.or.jp,49 Fieldstone Parkway
Karly,Sapp,8/15/1960,Female,Cuba,ksappqv@webnode.com,62169 Truax Parkway
Finley,Milazzo,4/30/1965,Male,Germany,fmilazzoqw@cnn.com,02 Carpenter Hill
Leola,Wilkinson,6/12/1984,Female,Poland,lwilkinsonqx@mac.com,38 Warbler Drive
Lexi,Pauler,10/11/1991,Female,Indonesia,lpaulerqy@jugem.jp,5045 Thompson Hill
Truman,Auger,3/12/1940,Male,Russia,taugerqz@a8.net,811 Prairieview Street
Rollie,Teese,3/17/1926,Male,China,rteeser0@un.org,656 Hanover Alley
Dionisio,Rabbage,8/21/1989,Male,China,drabbager1@ask.com,9942 Reindahl Lane
Virgie,Goaley,8/29/1988,Male,Indonesia,vgoaleyr2@bing.com,24949 Forest Run Pass
Jayson,Braemer,2/9/1969,Male,Bulgaria,jbraemerr3@walmart.com,77097 Blue Bill Park Road
Victor,Jocelyn,4/2/1965,Male,Malaysia,vjocelynr4@plala.or.jp,877 Memorial Junction
Ardene,Baroux,4/26/2000,Female,Philippines,abarouxr5@ted.com,5 Mitchell Circle
Gwenette,Makin,10/18/1965,Female,Tunisia,gmakinr6@etsy.com,69 Vermont Court
Duff,Thonger,1/13/2014,Male,United States,dthongerr7@youtu.be,35438 Barnett Court
Kendrick,Pittford,1/28/2004,Male,Guatemala,kpittfordr8@ucla.edu,74 Atwood Drive
Flossi,Buntain,6/18/2017,Female,Afghanistan,fbuntainr9@apache.org,305 Mosinee Way
Reese,Bushell,2/18/1930,Male,Yemen,rbushellra@ucla.edu,205 Rigney Hill
Oberon,Zanetti,1/13/2003,Male,China,ozanettirb@qq.com,82770 Ludington Point
Twyla,Butterworth,12/16/1935,Female,Poland,tbutterworthrc@vkontakte.ru,2516 Rigney Alley
Cameron,Loughlan,9/3/2018,Male,Peru,cloughlanrd@washingtonpost.com,35371 Monica Hill
Brenda,Yeates,11/13/1933,Female,Russia,byeatesre@ow.ly,2 Westerfield Trail
Ollie,Sharpe,8/2/1983,Male,Ecuador,osharperf@addtoany.com,319 Lien Point
Bren,Gilogly,12/20/1988,Female,Poland,bgiloglyrg@hao123.com,599 Graedel Court
Sascha,Burrus,3/12/1981,Male,Indonesia,sburrusrh@dot.gov,90 Russell Street
Meir,Gres,6/20/1940,Male,Brazil,mgresri@ezinearticles.com,1 Mesta Plaza
Mirella,Bolley,8/30/2002,Female,Morocco,mbolleyrj@pcworld.com,75452 Ridge Oak Park
Auberon,Ogden,7/15/1930,Male,Indonesia,aogdenrk@hao123.com,9723 Banding Crossing
Walker,Petrozzi,9/17/1938,Male,Czech Republic,wpetrozzirl@wordpress.com,3834 Loeprich Way
Diarmid,Ouslem,2/1/1942,Male,Philippines,douslemrm@homestead.com,4 Menomonie Lane
Garik,Knowlson,12/20/2012,Male,Sudan,gknowlsonrn@intel.com,135 Milwaukee Alley
Jaquith,Stollenbecker,4/21/1960,Female,Russia,jstollenbeckerro@youku.com,9120 Karstens Alley
Erda,Aynsley,7/26/2008,Female,Indonesia,eaynsleyrp@mac.com,25 Sachtjen Crossing
Cal,Hegerty,9/17/1974,Female,Myanmar,chegertyrq@wikispaces.com,6021 Reinke Crossing
Marcela,Yate,11/8/1943,Female,Mexico,myaterr@eepurl.com,291 Farragut Parkway
